datetime,salinity(ppt),,,https://boon.ucdavis.edu/data-access/products/fp/fp_seawater_salinity_daily
2021-01-01 0:00:00,31.62903229,,,
2021-01-02 0:00:00,31.62042361,,,
2021-01-03 0:00:00,31.62800764,,,
2021-01-04 0:00:00,31.66263542,,,
2021-01-05 0:00:00,31.65227708,,,
2021-01-06 0:00:00,31.52052986,,,
2021-01-07 0:00:00,31.491175,,,
2021-01-08 0:00:00,31.43873715,,,
2021-01-09 0:00:00,31.45709201,,,
2021-01-10 0:00:00,31.43887361,,,
2021-01-11 0:00:00,31.57275382,,,
2021-01-12 0:00:00,31.58822083,,,
2021-01-13 0:00:00,31.22093659,,,
2021-01-15 0:00:00,31.4050848,,,
2021-01-16 0:00:00,31.44830313,,,
2021-01-17 0:00:00,31.49108056,,,
2021-01-18 0:00:00,31.50400208,,,
2021-01-19 0:00:00,31.32331812,,,
2021-01-20 0:00:00,31.53461181,,,
2021-01-21 0:00:00,31.70722604,,,
2021-01-22 0:00:00,31.73369271,,,
2021-01-23 0:00:00,31.64218715,,,
2021-01-24 0:00:00,31.56062847,,,
2021-01-25 0:00:00,31.49768611,,,
2021-01-26 0:00:00,31.76311354,,,
2021-01-27 0:00:00,31.8672625,,,
2021-01-28 0:00:00,31.91577882,,,
2021-01-29 0:00:00,31.75747778,,,
2021-01-30 0:00:00,31.61401042,,,
2021-01-31 0:00:00,31.50156493,,,
2021-02-01 0:00:00,31.42608576,,,
2021-02-02 0:00:00,31.4178875,,,
2021-02-03 0:00:00,31.28353264,,,
2021-02-04 0:00:00,31.16666389,,,
2021-02-05 0:00:00,31.12374688,,,
2021-02-06 0:00:00,31.01113611,,,
2021-02-07 0:00:00,31.01780556,,,
2021-02-08 0:00:00,31.02221181,,,
2021-02-09 0:00:00,30.97706528,,,
2021-02-10 0:00:00,30.94438472,,,
2021-02-11 0:00:00,30.89868958,,,
2021-02-12 0:00:00,30.84447465,,,
2021-02-13 0:00:00,30.80488681,,,
2021-02-14 0:00:00,30.78203889,,,
2021-02-15 0:00:00,30.93402708,,,
2021-02-16 0:00:00,30.88543021,,,
2021-02-17 0:00:00,30.76223368,,,
2021-02-18 0:00:00,30.64474132,,,
2021-02-19 0:00:00,30.63819792,,,
2021-02-20 0:00:00,30.33285208,,,
2021-02-21 0:00:00,30.39779306,,,
2021-02-22 0:00:00,30.98028368,,,
2021-02-23 0:00:00,31.0258691,,,
2021-02-24 0:00:00,31.01328681,,,
2021-02-25 0:00:00,30.84519063,,,
2021-02-26 0:00:00,30.99520243,,,
2021-02-27 0:00:00,31.07293819,,,
2021-02-28 0:00:00,31.13576389,,,
2021-03-01 0:00:00,31.25434618,,,
2021-03-02 0:00:00,31.23878993,,,
2021-03-03 0:00:00,31.36473056,,,
2021-03-04 0:00:00,31.39546736,,,
2021-03-05 0:00:00,31.39463611,,,
2021-03-06 0:00:00,31.46495486,,,
2021-03-07 0:00:00,31.35564201,,,
2021-03-08 0:00:00,31.327775,,,
2021-03-09 0:00:00,31.40181111,,,
2021-03-10 0:00:00,31.39112743,,,
2021-03-11 0:00:00,31.26219271,,,
2021-03-12 0:00:00,31.17183958,,,
2021-03-13 0:00:00,31.09606181,,,
2021-03-14 0:00:00,31.03727604,,,
2021-03-15 0:00:00,30.96913715,,,
2021-03-16 0:00:00,31.02446285,,,
2021-03-17 0:00:00,31.14753611,,,
2021-03-18 0:00:00,31.15599757,,,
2021-03-19 0:00:00,31.06552222,,,
2021-03-20 0:00:00,30.66547951,,,
2021-03-21 0:00:00,30.27280278,,,
2021-03-22 0:00:00,30.42934201,,,
2021-03-23 0:00:00,30.36708056,,,
2021-03-24 0:00:00,30.74955208,,,
2021-03-25 0:00:00,31.02765625,,,
2021-03-26 0:00:00,30.9418941,,,
2021-03-27 0:00:00,30.8648059,,,
2021-03-28 0:00:00,30.78553403,,,
2021-03-29 0:00:00,30.74341777,,,
2021-03-30 0:00:00,30.79706597,,,
2021-03-31 0:00:00,30.85179236,,,
2021-04-01 0:00:00,30.94265104,,,
2021-04-02 0:00:00,31.02430486,,,
2021-04-03 0:00:00,31.03761667,,,
2021-04-04 0:00:00,30.97682188,,,
2021-04-05 0:00:00,30.96159097,,,
2021-04-06 0:00:00,31.09412847,,,
2021-04-07 0:00:00,31.01845521,,,
2021-04-08 0:00:00,30.95537153,,,
2021-04-09 0:00:00,31.01513542,,,
2021-04-10 0:00:00,31.11596007,,,
2021-04-11 0:00:00,31.15436771,,,
2021-04-12 0:00:00,31.30468125,,,
2021-04-13 0:00:00,31.33847118,,,
2021-04-14 0:00:00,31.3964875,,,
2021-04-15 0:00:00,31.34088819,,,
2021-04-16 0:00:00,31.26327569,,,
2021-04-17 0:00:00,31.21558056,,,
2021-04-18 0:00:00,31.1539934,,,
2021-04-19 0:00:00,31.25387049,,,
2021-04-20 0:00:00,31.24353715,,,
2021-04-21 0:00:00,31.48606979,,,
2021-04-22 0:00:00,31.60743229,,,
2021-04-23 0:00:00,31.55361493,,,
2021-04-24 0:00:00,31.40028854,,,
2021-04-25 0:00:00,31.26125486,,,
2021-04-26 0:00:00,31.23388403,,,
2021-04-27 0:00:00,31.19600833,,,
2021-04-28 0:00:00,31.18890486,,,
2021-04-29 0:00:00,29.96462655,,,
2021-04-30 0:00:00,31.93868993,,,
2021-05-01 0:00:00,31.98434826,,,
2021-05-02 0:00:00,32.00400347,,,
2021-05-03 0:00:00,32.10487431,,,
2021-05-04 0:00:00,32.17135243,,,
2021-05-05 0:00:00,32.20605903,,,
2021-05-06 0:00:00,32.23132813,,,
2021-05-07 0:00:00,32.20207257,,,
2021-05-08 0:00:00,32.09271181,,,
2021-05-09 0:00:00,32.21087396,,,
2021-05-10 0:00:00,32.24054201,,,
2021-05-11 0:00:00,32.32755451,,,
2021-05-12 0:00:00,32.37853646,,,
2021-05-13 0:00:00,32.38500764,,,
2021-05-14 0:00:00,32.40205556,,,
2021-05-15 0:00:00,32.41736007,,,
2021-05-16 0:00:00,32.42166944,,,
2021-05-17 0:00:00,32.40895139,,,
2021-05-18 0:00:00,32.40457326,,,
2021-05-19 0:00:00,32.27572326,,,
2021-05-20 0:00:00,32.36258611,,,
2021-05-21 0:00:00,32.5669691,,,
2021-05-22 0:00:00,32.63447049,,,
2021-05-23 0:00:00,32.51697188,,,
2021-05-24 0:00:00,32.44855868,,,
2021-05-25 0:00:00,32.39179479,,,
2021-05-26 0:00:00,32.37702292,,,
2021-05-27 0:00:00,32.43347708,,,
2021-05-28 0:00:00,32.44690694,,,
2021-05-29 0:00:00,32.48262257,,,
2021-05-30 0:00:00,32.48297569,,,
2021-05-31 0:00:00,32.51867743,,,
2021-06-01 0:00:00,32.52847083,,,
2021-06-02 0:00:00,32.59040694,,,
2021-06-03 0:00:00,32.58195347,,,
2021-06-04 0:00:00,32.55234306,,,
2021-06-05 0:00:00,31.98253646,,,
2021-06-06 0:00:00,31.76096111,,,
2021-06-07 0:00:00,32.09230451,,,
2021-06-08 0:00:00,32.21588264,,,
2021-06-09 0:00:00,32.2048566,,,
2021-06-10 0:00:00,32.14343785,,,
2021-06-11 0:00:00,32.04030208,,,
2021-06-12 0:00:00,32.04206146,,,
2021-06-13 0:00:00,31.99833993,,,
2021-06-14 0:00:00,31.86369583,,,
2021-06-15 0:00:00,31.83084444,,,
2021-06-16 0:00:00,31.76680972,,,
2021-06-17 0:00:00,31.86578403,,,
2021-06-18 0:00:00,31.9610066,,,
2021-06-19 0:00:00,32.11202857,,,
2021-06-20 0:00:00,32.16276213,,,
2021-06-21 0:00:00,32.24587073,,,
2021-06-24 0:00:00,31.97341633,,,
2021-06-25 0:00:00,32.03051458,,,
2021-06-26 0:00:00,32.01449306,,,
2021-06-27 0:00:00,31.99214861,,,
2021-06-28 0:00:00,31.9526125,,,
2021-06-29 0:00:00,31.92729201,,,
2021-06-30 0:00:00,31.89146146,,,
2021-07-01 0:00:00,31.90231632,,,
2021-07-02 0:00:00,31.90104861,,,
2021-07-03 0:00:00,31.86567257,,,
2021-07-04 0:00:00,31.88722674,,,
2021-07-05 0:00:00,31.94120417,,,
2021-07-06 0:00:00,31.91573576,,,
2021-07-07 0:00:00,31.93214667,,,
2021-07-08 0:00:00,31.88898958,,,
2021-07-09 0:00:00,31.93822083,,,
2021-07-10 0:00:00,31.95229167,,,
2021-07-11 0:00:00,31.92844479,,,
2021-07-12 0:00:00,31.88341458,,,
2021-07-13 0:00:00,31.87972787,,,
2021-07-14 0:00:00,31.87168398,,,
2021-07-15 0:00:00,31.82125382,,,
2021-07-16 0:00:00,31.82674306,,,
2021-07-17 0:00:00,31.83906146,,,
2021-07-18 0:00:00,31.86018611,,,
2021-07-19 0:00:00,31.86579132,,,
2021-07-20 0:00:00,31.89679059,,,
2021-07-21 0:00:00,31.79969479,,,
2021-07-22 0:00:00,31.72395645,,,
2021-07-23 0:00:00,31.74875261,,,
2021-07-24 0:00:00,31.79187118,,,
2021-07-25 0:00:00,31.78486993,,,
2021-07-26 0:00:00,31.77834931,,,
2021-07-27 0:00:00,31.77911146,,,
2021-07-28 0:00:00,31.75478889,,,
2021-07-29 0:00:00,31.80571389,,,
2021-07-30 0:00:00,31.79900382,,,
2021-07-31 0:00:00,31.81409056,,,
2021-08-01 0:00:00,31.82909604,,,
2021-08-02 0:00:00,31.88112394,,,
2021-08-03 0:00:00,31.85427338,,,
2021-08-04 0:00:00,31.82592248,,,
2021-08-05 0:00:00,31.81847424,,,
2021-08-06 0:00:00,31.77036098,,,
2021-08-07 0:00:00,31.76870313,,,
2021-08-08 0:00:00,31.1078,,,
2021-08-25 0:00:00,32.61817027,,,
2021-08-26 0:00:00,32.60188993,,,
2021-08-27 0:00:00,32.5562816,,,
2021-08-28 0:00:00,32.50822639,,,
2021-08-29 0:00:00,32.52217778,,,
2021-08-30 0:00:00,32.50819896,,,
2021-08-31 0:00:00,32.56826875,,,
2021-09-01 0:00:00,32.55858472,,,
2021-09-02 0:00:00,32.54713229,,,
2021-09-03 0:00:00,32.53905347,,,
2021-09-04 0:00:00,32.51458264,,,
2021-09-05 0:00:00,32.49290347,,,
2021-09-06 0:00:00,32.46144201,,,
2021-09-07 0:00:00,32.41964896,,,
2021-09-08 0:00:00,32.37816597,,,
2021-09-09 0:00:00,32.37074355,,,
2021-09-10 0:00:00,32.37827352,,,
2021-09-11 0:00:00,32.36673889,,,
2021-09-12 0:00:00,32.35470069,,,
2021-09-13 0:00:00,32.37335769,,,
2021-09-14 0:00:00,32.42523299,,,
2021-09-15 0:00:00,32.43126146,,,
2021-09-16 0:00:00,32.43255903,,,
2021-09-17 0:00:00,32.44521806,,,
2021-09-18 0:00:00,32.42612049,,,
2021-09-19 0:00:00,32.38465938,,,
2021-09-20 0:00:00,32.32734201,,,
2021-09-21 0:00:00,32.28373472,,,
2021-09-22 0:00:00,32.26302778,,,
2021-09-23 0:00:00,32.26370556,,,
2021-09-24 0:00:00,30.97085896,,,
2021-09-25 0:00:00,32.25991146,,,
2021-09-26 0:00:00,32.24829306,,,
2021-09-27 0:00:00,32.21911424,,,
2021-09-28 0:00:00,32.15675069,,,
2021-09-29 0:00:00,32.0899559,,,
2021-09-30 0:00:00,32.12667188,,,
2021-10-01 0:00:00,32.20703194,,,
2021-10-02 0:00:00,32.19461701,,,
2021-10-03 0:00:00,32.16891632,,,
2021-10-04 0:00:00,32.11920799,,,
2021-10-05 0:00:00,32.08677188,,,
2021-10-06 0:00:00,32.04142188,,,
2021-10-07 0:00:00,32.03099338,,,
2021-10-08 0:00:00,32.04396979,,,
2021-10-09 0:00:00,32.04867743,,,
2021-10-10 0:00:00,32.05687847,,,
2021-10-11 0:00:00,32.03759097,,,
2021-10-12 0:00:00,31.99743576,,,
2021-10-13 0:00:00,32.07226458,,,
2021-10-14 0:00:00,32.19457326,,,
2021-10-15 0:00:00,32.17254722,,,
2021-10-16 0:00:00,32.15937257,,,
2021-10-17 0:00:00,32.14490278,,,
2021-10-18 0:00:00,32.12403576,,,
2021-10-19 0:00:00,32.10308229,,,
2021-10-20 0:00:00,32.11166076,,,
2021-10-21 0:00:00,32.05649861,,,
2021-10-22 0:00:00,32.02770208,,,
2021-10-23 0:00:00,32.01185,,,
2021-10-24 0:00:00,31.91779869,,,
2021-10-27 0:00:00,31.03571,,,
2021-10-28 0:00:00,30.30831493,,,
2021-10-29 0:00:00,30.11302188,,,
2021-10-30 0:00:00,30.25275694,,,
2021-10-31 0:00:00,30.46556771,,,
2021-11-01 0:00:00,30.40397419,,,
2021-11-05 0:00:00,30.16225,,,
2021-11-06 0:00:00,29.70279722,,,
2021-11-07 0:00:00,30.06625625,,,
2021-11-08 0:00:00,30.15721429,,,
2021-11-09 0:00:00,30.35015575,,,
2021-11-10 0:00:00,30.43678472,,,
2021-11-11 0:00:00,30.83485464,,,
2021-11-12 0:00:00,30.31120862,,,
2021-11-13 0:00:00,30.25734028,,,
2021-11-14 0:00:00,30.13171215,,,
2021-11-15 0:00:00,30.14468611,,,
2021-11-16 0:00:00,30.25501111,,,
2021-11-17 0:00:00,30.29617692,,,
2021-11-18 0:00:00,30.35664132,,,
2021-11-19 0:00:00,30.43620105,,,
2021-11-20 0:00:00,30.40908229,,,
2021-11-21 0:00:00,30.39588854,,,
2021-11-22 0:00:00,30.36397936,,,
2021-11-23 0:00:00,30.49987674,,,
2021-11-24 0:00:00,30.53435243,,,
2021-11-25 0:00:00,30.41812813,,,
2021-11-26 0:00:00,30.34583021,,,
2021-11-27 0:00:00,30.54509167,,,
2021-11-28 0:00:00,30.48979792,,,
2021-11-29 0:00:00,30.59872369,,,
2021-11-30 0:00:00,30.62969444,,,
2021-12-01 0:00:00,30.58071007,,,
2021-12-02 0:00:00,30.5727191,,,
2021-12-03 0:00:00,30.64822917,,,
2021-12-04 0:00:00,30.68383021,,,
2021-12-05 0:00:00,30.65768049,,,
2021-12-06 0:00:00,30.65012962,,,
2021-12-07 0:00:00,30.54198302,,,
2021-12-08 0:00:00,31.21508919,,,
2021-12-09 0:00:00,30.79985451,,,
2021-12-10 0:00:00,30.77542917,,,
2021-12-11 0:00:00,30.78424271,,,
2021-12-12 0:00:00,30.9304434,,,
2021-12-13 0:00:00,31.04329306,,,
2021-12-14 0:00:00,30.89016098,,,
2021-12-15 0:00:00,30.61573993,,,
2021-12-16 0:00:00,30.55876807,,,
2021-12-17 0:00:00,30.10416146,,,
2021-12-18 0:00:00,29.7711816,,,
2021-12-19 0:00:00,29.6874684,,,
2021-12-20 0:00:00,29.75701736,,,
2021-12-21 0:00:00,29.54212188,,,
2021-12-22 0:00:00,29.27712292,,,
2021-12-23 0:00:00,29.58618175,,,
2021-12-24 0:00:00,29.49474757,,,
2021-12-25 0:00:00,29.35209896,,,
2021-12-26 0:00:00,28.94438681,,,
2021-12-27 0:00:00,28.58012153,,,
2021-12-28 0:00:00,27.86126641,,,
2021-12-29 0:00:00,28.30266181,,,
2021-12-30 0:00:00,27.69883368,,,
2021-12-31 0:00:00,28.07788403,,,
2022-01-01 0:00:00,27.78738889,,,
2022-01-02 0:00:00,27.80204757,,,
2022-01-03 0:00:00,27.91615313,,,
2022-01-04 0:00:00,27.87320379,,,
2022-01-07 0:00:00,28.76425263,,,
2022-01-08 0:00:00,27.64649896,,,
2022-01-09 0:00:00,27.10205729,,,
2022-01-10 0:00:00,26.33203589,,,
2022-01-11 0:00:00,26.54952396,,,
2022-01-12 0:00:00,26.55436007,,,
2022-01-13 0:00:00,27.61182986,,,
2022-01-14 0:00:00,27.82155625,,,
2022-01-15 0:00:00,27.91291597,,,
2022-01-16 0:00:00,28.0872625,,,
2022-01-17 0:00:00,28.17313194,,,
2022-01-18 0:00:00,28.38513646,,,
2022-01-19 0:00:00,28.36385174,,,
2022-01-20 0:00:00,28.44277692,,,
2022-01-21 0:00:00,28.36679547,,,
2022-01-22 0:00:00,28.4627691,,,
2022-01-23 0:00:00,28.55293229,,,
2022-01-24 0:00:00,28.63119375,,,
2022-01-25 0:00:00,28.70080382,,,
2022-01-26 0:00:00,28.73325972,,,
2022-01-27 0:00:00,28.8320877,,,
2022-01-28 0:00:00,27.866375,,,
2022-01-29 0:00:00,28.73334549,,,
2022-01-30 0:00:00,28.8181875,,,
2022-01-31 0:00:00,28.78879167,,,
2022-02-01 0:00:00,28.88927882,,,
2022-02-02 0:00:00,28.80138924,,,
2022-02-03 0:00:00,28.9859625,,,
2022-02-04 0:00:00,29.09733681,,,
2022-02-05 0:00:00,29.08358576,,,
2022-02-06 0:00:00,29.16868194,,,
2022-02-07 0:00:00,29.09473229,,,
2022-02-08 0:00:00,28.53849384,,,
2022-02-09 0:00:00,28.82611285,,,
2022-02-10 0:00:00,29.13494722,,,
2022-02-11 0:00:00,29.16752813,,,
2022-02-12 0:00:00,29.06246667,,,
2022-02-13 0:00:00,29.01508611,,,
2022-02-14 0:00:00,29.05830278,,,
2022-02-15 0:00:00,29.08399444,,,
2022-02-16 0:00:00,29.14847218,,,
2022-02-17 0:00:00,29.21166,,,
2022-02-18 0:00:00,29.36502014,,,
2022-02-19 0:00:00,29.33592813,,,
2022-02-20 0:00:00,29.40502396,,,
2022-02-21 0:00:00,29.47314271,,,
2022-02-22 0:00:00,29.46455104,,,
2022-02-23 0:00:00,29.56111979,,,
2022-02-24 0:00:00,29.67503299,,,
2022-02-25 0:00:00,29.54964549,,,
2022-02-26 0:00:00,29.49987882,,,
2022-02-27 0:00:00,29.46813507,,,
2022-02-28 0:00:00,29.43646215,,,
2022-03-01 0:00:00,28.69478194,,,
2022-03-02 0:00:00,29.42077415,,,
2022-03-03 0:00:00,29.51593403,,,
2022-03-04 0:00:00,29.28107347,,,
2022-03-06 0:00:00,29.59796739,,,
2022-03-07 0:00:00,29.69508472,,,
2022-03-08 0:00:00,29.49669167,,,
2022-03-09 0:00:00,29.4734875,,,
2022-03-10 0:00:00,29.17013403,,,
2022-03-11 0:00:00,29.05749375,,,
2022-03-12 0:00:00,29.67265694,,,
2022-03-13 0:00:00,29.83457396,,,
2022-03-14 0:00:00,29.61417569,,,
2022-03-15 0:00:00,29.51618368,,,
2022-03-16 0:00:00,29.4451375,,,
2022-03-17 0:00:00,29.44684375,,,
2022-03-18 0:00:00,29.43340694,,,
2022-03-19 0:00:00,29.45175625,,,
2022-03-20 0:00:00,29.40322465,,,
2022-03-21 0:00:00,29.51748924,,,
2022-03-22 0:00:00,29.72142049,,,
2022-03-23 0:00:00,29.90018507,,,
2022-03-24 0:00:00,29.84245694,,,
2022-03-25 0:00:00,29.87953924,,,
2022-03-26 0:00:00,29.92062569,,,
2022-03-27 0:00:00,29.99880556,,,
2022-03-28 0:00:00,30.03817951,,,
2022-03-29 0:00:00,29.85528403,,,
2022-03-30 0:00:00,29.75237326,,,
2022-03-31 0:00:00,29.80359861,,,
2022-04-01 0:00:00,29.89651736,,,
2022-04-02 0:00:00,29.98808611,,,
2022-04-03 0:00:00,30.04582917,,,
2022-04-04 0:00:00,30.08728229,,,
2022-04-05 0:00:00,30.06348112,,,
2022-04-06 0:00:00,30.07447352,,,
2022-04-07 0:00:00,30.05752535,,,
2022-04-08 0:00:00,29.75916007,,,
2022-04-09 0:00:00,29.90421632,,,
2022-04-10 0:00:00,29.87944688,,,
2022-04-11 0:00:00,30.12942361,,,
2022-04-12 0:00:00,30.05080104,,,
2022-04-13 0:00:00,30.43898576,,,
2022-04-14 0:00:00,30.49024722,,,
2022-04-15 0:00:00,30.29686897,,,
2022-04-21 0:00:00,29.94536628,,,
2022-04-22 0:00:00,30.50255278,,,
2022-04-23 0:00:00,30.41516319,,,
2022-04-24 0:00:00,30.33172396,,,
2022-04-25 0:00:00,30.3050125,,,
2022-04-26 0:00:00,30.32180208,,,
2022-04-27 0:00:00,30.36999196,,,
2022-04-28 0:00:00,30.40448611,,,
2022-04-29 0:00:00,30.33745104,,,
2022-04-30 0:00:00,30.36293403,,,
2022-05-01 0:00:00,30.38669722,,,
2022-05-02 0:00:00,30.56819167,,,
2022-05-03 0:00:00,30.55015486,,,
2022-05-04 0:00:00,30.55834476,,,
2022-05-05 0:00:00,30.58546458,,,
2022-05-06 0:00:00,30.51757708,,,
2022-05-07 0:00:00,30.41909792,,,
2022-05-08 0:00:00,30.30866597,,,
2022-05-09 0:00:00,30.41316042,,,
2022-05-10 0:00:00,30.5777168,,,
2022-05-11 0:00:00,30.37883066,,,
2022-05-12 0:00:00,30.3745691,,,
2022-05-13 0:00:00,30.2632559,,,
2022-05-14 0:00:00,30.25132867,,,
2022-05-15 0:00:00,30.37121632,,,
2022-05-16 0:00:00,30.58407292,,,
2022-05-17 0:00:00,30.56156215,,,
2022-05-18 0:00:00,30.61668507,,,
2022-05-19 0:00:00,30.74268438,,,
2022-05-20 0:00:00,30.6294375,,,
2022-05-21 0:00:00,30.63811818,,,
2022-05-22 0:00:00,30.6893934,,,
2022-05-23 0:00:00,30.70271007,,,
2022-05-24 0:00:00,30.86882674,,,
2022-05-25 0:00:00,30.89818924,,,
2022-05-26 0:00:00,30.86967847,,,
2022-05-27 0:00:00,30.91196458,,,
2022-05-28 0:00:00,30.9078191,,,
2022-05-29 0:00:00,30.86726597,,,
2022-05-30 0:00:00,30.83607292,,,
2022-05-31 0:00:00,30.87255296,,,
2022-06-01 0:00:00,30.96418993,,,
2022-06-02 0:00:00,30.97380382,,,
2022-06-03 0:00:00,30.93858542,,,
2022-06-04 0:00:00,30.84325174,,,
2022-06-05 0:00:00,30.85512708,,,
2022-06-06 0:00:00,30.80500382,,,
2022-06-07 0:00:00,30.80273819,,,
2022-06-08 0:00:00,30.91652361,,,
2022-06-09 0:00:00,30.88983299,,,
2022-06-10 0:00:00,30.80488047,,,
2022-06-11 0:00:00,30.75000417,,,
2022-06-12 0:00:00,30.78566736,,,
2022-06-13 0:00:00,30.80350278,,,
2022-06-14 0:00:00,30.83535524,,,
2022-06-15 0:00:00,30.92280868,,,
2022-06-16 0:00:00,31.00683889,,,
2022-06-17 0:00:00,31.01059063,,,
2022-06-18 0:00:00,31.00367535,,,
2022-06-19 0:00:00,31.00330208,,,
2022-06-20 0:00:00,31.0939691,,,
2022-06-21 0:00:00,31.27820035,,,
2022-06-22 0:00:00,31.45195799,,,
2022-06-23 0:00:00,31.45455664,,,
2022-06-24 0:00:00,31.43457847,,,
2022-06-25 0:00:00,31.42589826,,,
2022-06-26 0:00:00,31.38214201,,,
2022-06-27 0:00:00,31.33198681,,,
2022-06-28 0:00:00,31.30195764,,,
2022-06-29 0:00:00,31.32818417,,,
2022-06-30 0:00:00,31.31397689,,,
2022-07-01 0:00:00,31.32744896,,,
2022-07-02 0:00:00,31.33232787,,,
2022-07-03 0:00:00,31.31162604,,,
2022-07-04 0:00:00,31.31174618,,,
2022-07-05 0:00:00,31.33640833,,,
2022-07-06 0:00:00,31.33960104,,,
2022-07-07 0:00:00,31.30740764,,,
2022-07-08 0:00:00,31.24983715,,,
2022-07-09 0:00:00,31.20413147,,,
2022-07-10 0:00:00,31.18707951,,,
2022-07-11 0:00:00,31.14844167,,,
2022-07-12 0:00:00,31.16658049,,,
2022-07-13 0:00:00,31.17653021,,,
2022-07-14 0:00:00,31.17802292,,,
2022-07-15 0:00:00,31.19277951,,,
2022-07-16 0:00:00,31.18597153,,,
2022-07-17 0:00:00,31.21701944,,,
2022-07-18 0:00:00,31.29466944,,,
2022-07-19 0:00:00,31.34087509,,,
2022-07-20 0:00:00,31.3409,,,
2022-07-21 0:00:00,31.36750764,,,
2022-07-22 0:00:00,31.36527168,,,
2022-07-23 0:00:00,31.37863333,,,
2022-07-24 0:00:00,31.40502535,,,
2022-07-25 0:00:00,31.42748299,,,
2022-07-26 0:00:00,31.44420456,,,
2022-07-27 0:00:00,31.41891434,,,
2022-07-28 0:00:00,31.38653646,,,
2022-07-29 0:00:00,31.36069549,,,
2022-07-30 0:00:00,29.45490694,,,
2022-07-31 0:00:00,32.28449323,,,
2022-08-01 0:00:00,32.22681084,,,
2022-08-02 0:00:00,32.19341111,,,
2022-08-03 0:00:00,32.1916059,,,
2022-08-04 0:00:00,32.20511608,,,
2022-08-05 0:00:00,32.23110559,,,
2022-08-06 0:00:00,32.21521563,,,
2022-08-07 0:00:00,32.16849688,,,
2022-08-08 0:00:00,32.14398542,,,
2022-08-09 0:00:00,32.14170839,,,
2022-08-10 0:00:00,32.13455347,,,
2022-08-11 0:00:00,32.12767049,,,
2022-08-12 0:00:00,32.1175684,,,
2022-08-13 0:00:00,32.11469861,,,
2022-08-14 0:00:00,32.12113229,,,
2022-08-15 0:00:00,32.14430245,,,
2022-08-16 0:00:00,32.15181771,,,
2022-08-17 0:00:00,32.18031181,,,
2022-08-18 0:00:00,32.20259236,,,
2022-08-19 0:00:00,32.23350347,,,
2022-08-20 0:00:00,32.22978958,,,
2022-08-21 0:00:00,32.27254549,,,
2022-08-22 0:00:00,32.27162273,,,
2022-08-23 0:00:00,32.24122569,,,
2022-08-24 0:00:00,32.24032657,,,
2022-08-25 0:00:00,32.24508333,,,
2022-08-26 0:00:00,32.23473531,,,
2022-08-27 0:00:00,32.2353191,,,
2022-08-28 0:00:00,32.24856944,,,
2022-08-29 0:00:00,32.22752168,,,
2022-08-30 0:00:00,32.19565629,,,
2022-08-31 0:00:00,32.14768368,,,
2022-09-01 0:00:00,32.1368472,,,
2022-09-02 0:00:00,32.10341224,,,
2022-09-03 0:00:00,32.12700833,,,
2022-09-04 0:00:00,32.10131593,,,
2022-09-05 0:00:00,32.18674219,,,
2022-09-06 0:00:00,32.16218217,,,
2022-09-07 0:00:00,32.16835175,,,
2022-09-08 0:00:00,32.15662343,,,
2022-09-09 0:00:00,32.16213252,,,
2022-09-10 0:00:00,32.15029063,,,
2022-09-11 0:00:00,32.08645315,,,
2022-09-12 0:00:00,32.04948671,,,
2022-09-13 0:00:00,32.03758986,,,
2022-09-14 0:00:00,32.04029825,,,
2022-09-15 0:00:00,32.0340566,,,
2022-09-16 0:00:00,32.05217098,,,
2022-09-17 0:00:00,32.00744722,,,
2022-09-18 0:00:00,32.06987203,,,
2022-09-19 0:00:00,32.12524583,,,
2022-09-20 0:00:00,32.03788182,,,
2022-09-21 0:00:00,32.0346007,,,
2022-09-22 0:00:00,31.96451993,,,
2022-09-23 0:00:00,31.90196818,,,
2022-09-24 0:00:00,31.85347063,,,
2022-09-25 0:00:00,31.81503554,,,
2022-09-26 0:00:00,31.78409021,,,
2022-09-27 0:00:00,31.76228811,,,
2022-09-28 0:00:00,31.75207282,,,
2022-09-29 0:00:00,31.71748357,,,
2022-09-30 0:00:00,31.7392559,,,
2022-10-01 0:00:00,31.90857778,,,
2022-10-02 0:00:00,31.70257396,,,
2022-10-03 0:00:00,31.63173252,,,
2022-10-04 0:00:00,31.62458681,,,
2022-10-05 0:00:00,31.60637797,,,
2022-10-06 0:00:00,31.61676028,,,
2022-10-07 0:00:00,31.59555261,,,
2022-10-08 0:00:00,31.57443322,,,
2022-10-09 0:00:00,31.55163811,,,
2022-10-10 0:00:00,31.54553217,,,
2022-10-11 0:00:00,31.54393497,,,
2022-10-12 0:00:00,31.55225734,,,
2022-10-13 0:00:00,31.5563528,,,
2022-10-14 0:00:00,31.57611014,,,
2022-10-15 0:00:00,31.60399441,,,
2022-10-16 0:00:00,31.60488287,,,
2022-10-17 0:00:00,31.54954021,,,
2022-10-18 0:00:00,31.49792902,,,
2022-10-19 0:00:00,31.45407273,,,
2022-10-20 0:00:00,31.46428531,,,
2022-10-21 0:00:00,31.45273042,,,
2022-10-22 0:00:00,31.45429336,,,
2022-10-23 0:00:00,31.34032727,,,
2022-10-24 0:00:00,31.31876748,,,
2022-10-25 0:00:00,31.32929825,,,
2022-10-26 0:00:00,31.32932937,,,
2022-10-27 0:00:00,31.33924648,,,
2022-10-28 0:00:00,31.37075804,,,
2022-10-29 0:00:00,31.3562451,,,
2022-10-30 0:00:00,31.31632153,,,
2022-10-31 0:00:00,31.29838287,,,
2022-11-01 0:00:00,31.31292203,,,
2022-11-02 0:00:00,31.28614336,,,
2022-11-03 0:00:00,31.27979792,,,
2022-11-04 0:00:00,31.18473228,,,
2022-11-05 0:00:00,31.27166119,,,
2022-11-06 0:00:00,31.32937273,,,
2022-11-07 0:00:00,31.30753392,,,
2022-11-08 0:00:00,31.25007308,,,
2022-11-09 0:00:00,31.1896814,,,
2022-11-10 0:00:00,31.11017028,,,
2022-11-11 0:00:00,31.08556111,,,
2022-11-12 0:00:00,31.03917203,,,
2022-11-13 0:00:00,30.95010799,,,
2022-11-14 0:00:00,30.32317168,,,
2022-11-15 0:00:00,29.57678392,,,
2022-11-16 0:00:00,29.36478182,,,
2022-11-17 0:00:00,29.2118479,,,
2022-11-18 0:00:00,30.13030767,,,
2022-11-19 0:00:00,30.8405542,,,
2022-11-20 0:00:00,30.75272483,,,
2022-11-21 0:00:00,30.6939493,,,
2022-11-22 0:00:00,30.77335699,,,
2022-11-23 0:00:00,30.78643158,,,
2022-11-24 0:00:00,30.79286643,,,
2022-11-25 0:00:00,30.80623846,,,
2022-11-26 0:00:00,30.80152203,,,
2022-11-27 0:00:00,30.77635944,,,
2022-11-28 0:00:00,30.79414441,,,
2022-11-29 0:00:00,30.73320559,,,
2022-11-30 0:00:00,30.76894336,,,
2022-12-01 0:00:00,30.82562226,,,
2022-12-02 0:00:00,30.46115105,,,
2022-12-03 0:00:00,30.63659056,,,
2022-12-04 0:00:00,30.69468592,,,
2022-12-05 0:00:00,30.2611639,,,
2023-01-20 0:00:00,24.54914186,,,
2023-01-21 0:00:00,23.04160799,,,
2023-01-22 0:00:00,23.39230979,,,
2023-01-23 0:00:00,22.6773126,,,
2023-01-24 0:00:00,24.03349549,,,
2023-01-25 0:00:00,24.32052483,,,
2023-01-26 0:00:00,24.25877937,,,
2023-01-27 0:00:00,23.82691993,,,
2023-01-28 0:00:00,23.60532273,,,
2023-01-29 0:00:00,22.40018955,,,
2023-01-30 0:00:00,21.40509371,,,
2023-01-31 0:00:00,23.54797413,,,
2023-02-01 0:00:00,24.84943101,,,
2023-02-02 0:00:00,26.45029056,,,
2023-02-03 0:00:00,27.47956132,,,
2023-02-04 0:00:00,27.29706146,,,
2023-02-05 0:00:00,28.0364528,,,
2023-02-06 0:00:00,27.32157743,,,
2023-02-07 0:00:00,27.36662308,,,
2023-02-08 0:00:00,27.38828438,,,
2023-02-09 0:00:00,27.51909582,,,
2023-02-10 0:00:00,27.48558611,,,
2023-02-11 0:00:00,27.04949792,,,
2023-02-12 0:00:00,27.06749618,,,
2023-02-13 0:00:00,27.30910596,,,
2023-02-14 0:00:00,26.2547059,,,
2023-02-15 0:00:00,26.89638636,,,
2023-02-16 0:00:00,28.77876028,,,
2023-02-17 0:00:00,29.17664231,,,
2023-02-18 0:00:00,29.10989167,,,
2023-02-19 0:00:00,29.08002535,,,
2023-02-20 0:00:00,29.00125583,,,
2023-02-21 0:00:00,28.80831888,,,
2023-03-02 0:00:00,28.36451845,,,
2023-03-03 0:00:00,28.8840662,,,
2023-03-04 0:00:00,28.79760104,,,
2023-03-05 0:00:00,29.16322083,,,
2023-03-06 0:00:00,28.61065417,,,
2023-03-07 0:00:00,28.31589582,,,
2023-03-08 0:00:00,28.43233868,,,
2023-03-09 0:00:00,28.11906632,,,
2023-03-10 0:00:00,28.80197517,,,
2023-03-11 0:00:00,27.09806076,,,
2023-03-12 0:00:00,26.85604351,,,
2023-03-13 0:00:00,25.62176538,,,
2023-03-14 0:00:00,25.16887666,,,
2023-03-15 0:00:00,20.80233484,,,
2023-03-16 0:00:00,21.29122927,,,
2023-03-17 0:00:00,22.49451357,,,
2023-03-18 0:00:00,25.74199072,,,
2023-03-19 0:00:00,25.53672334,,,
2023-03-20 0:00:00,21.06141842,,,
2023-03-23 0:00:00,24.64757317,,,
2023-03-24 0:00:00,20.95904251,,,
2023-03-25 0:00:00,18.11572667,,,
2023-04-03 0:00:00,21.21290127,,,
2023-04-04 0:00:00,22.86539338,,,
2023-04-05 0:00:00,23.56936503,,,
2023-04-06 0:00:00,24.72281469,,,
2023-04-07 0:00:00,25.65848667,,,
2023-04-08 0:00:00,25.3681493,,,
2023-04-09 0:00:00,25.08274266,,,
2023-04-10 0:00:00,24.90792428,,,
2023-04-19 0:00:00,26.15906071,,,
2023-04-20 0:00:00,23.72572708,,,
2023-04-21 0:00:00,20.11644965,,,
2023-04-22 0:00:00,19.96261806,,,
2023-04-23 0:00:00,20.1239691,,,
2023-04-24 0:00:00,19.94437153,,,
2023-04-25 0:00:00,19.27675,,,
2023-04-26 0:00:00,18.51028542,,,
2023-04-27 0:00:00,17.77334063,,,
2023-04-28 0:00:00,18.19547153,,,
2023-04-29 0:00:00,18.10773056,,,
2023-04-30 0:00:00,17.98532743,,,
2023-05-01 0:00:00,17.92273785,,,
2023-05-02 0:00:00,17.98307118,,,
2023-05-03 0:00:00,18.23348333,,,
2023-05-04 0:00:00,18.63917431,,,
2023-05-05 0:00:00,19.05525382,,,
2023-05-06 0:00:00,19.42131563,,,
2023-05-07 0:00:00,19.93084167,,,
2023-05-08 0:00:00,20.44027326,,,
2023-05-09 0:00:00,20.87257735,,,
2023-05-10 0:00:00,21.25007882,,,
2023-05-11 0:00:00,21.44491344,,,
2023-06-07 0:00:00,20.4975,,,
2023-06-08 0:00:00,20.54782056,,,
2023-06-09 0:00:00,20.30058646,,,
2023-06-10 0:00:00,20.39539164,,,
2023-06-11 0:00:00,20.42071007,,,
2023-06-12 0:00:00,20.5261014,,,
2023-06-13 0:00:00,20.53783624,,,
2023-06-14 0:00:00,20.63120244,,,
2023-06-15 0:00:00,20.78518601,,,