specimen_number,specimen_id,collection_group,date_of_collection,intertidal_zone,time_of_collection,internal_temp(c),pool_temp(c),salinity(ppt),num_cells_per_ug_protein,date_time,doy
197,1.0,4.0,2022-08-27,low,0635,,14.7,35.0,297.1462177,2022-08-27,239
198,2.0,4.0,2022-08-27,low,0637,,14.7,35.0,270.8601223,2022-08-27,239
199,3.0,4.0,2022-08-27,low,0647,,14.5,35.0,2336.40302,2022-08-27,239
200,4.0,4.0,2022-08-27,low,0649,,14.5,35.0,1079.883735,2022-08-27,239
201,5.0,4.0,2022-08-27,low,0700,,14.3,36.0,1749.898902,2022-08-27,239
203,6.0,4.0,2022-08-27,low,0703,,14.3,36.0,1967.920083,2022-08-27,239
205,7.0,4.0,2022-08-27,low,0715,,14.3,35.0,1696.712943,2022-08-27,239
206,8.0,4.0,2022-08-27,low,0719,,14.3,35.0,1206.66422,2022-08-27,239
207,10.0,4.0,2022-08-27,low,0725,,14.5,36.0,1200.122177,2022-08-27,239
208,9.0,4.0,2022-08-27,low,0728,,14.5,36.0,1057.835206,2022-08-27,239
209,27.0,4.0,2022-08-27,middle,0735,,14.3,36.0,985.445892,2022-08-27,239
210,13.0,4.0,2022-08-27,middle,0747,,14.6,35.0,1314.613642,2022-08-27,239
211,26.0,4.0,2022-08-27,middle,0750,,14.6,35.0,1457.925913,2022-08-27,239
212,26.0,4.0,2022-08-27,middle,0750,,14.6,35.0,1554.207123,2022-08-27,239
213,16.0,4.0,2022-08-27,middle,0800,,14.7,35.0,914.5124018,2022-08-27,239
214,15.0,4.0,2022-08-27,middle,0803,,14.7,35.0,1754.537098,2022-08-27,239
215,23.0,4.0,2022-08-27,high,0805,,14.7,35.0,1053.853747,2022-08-27,239
216,22.0,4.0,2022-08-27,high,0808,,14.7,35.0,945.6046843,2022-08-27,239
217,29.0,4.0,2022-08-27,high,0815,,14.8,34.0,870.6391655,2022-08-27,239
218,30.0,4.0,2022-08-27,high,0817,,14.9,34.0,1334.367536,2022-08-27,239
219,24.0,4.0,2022-08-27,high,0822,,14.6,34.0,1197.267939,2022-08-27,239
220,25.0,4.0,2022-08-27,high,0824,,14.6,34.0,793.9801986,2022-08-27,239
221,21.0,4.0,2022-08-28,middle,0645,,14.6,33.0,1645.837984,2022-08-28,240
223,20.0,4.0,2022-08-28,middle,0652,,14.6,33.0,1564.243863,2022-08-28,240
224,19.0,4.0,2022-08-28,middle,0703,,14.5,35.0,1006.492443,2022-08-28,240
225,17.0,4.0,2022-08-28,middle,0704,,14.5,35.0,1834.598528,2022-08-28,240
226,18.0,4.0,2022-08-28,middle,0706,,14.5,35.0,1160.147794,2022-08-28,240
227,14.0,4.0,2022-08-28,middle,0711,,14.5,35.0,1453.318481,2022-08-28,240
228,11.0,4.0,2022-08-28,middle,0713,,14.5,35.0,1691.946311,2022-08-28,240
229,12.0,4.0,2022-08-28,middle,0715,,14.7,35.0,1701.502066,2022-08-28,240
230,38.0,4.0,2022-08-28,middle,0726,,14.5,35.0,1150.120743,2022-08-28,240
231,36.0,4.0,2022-08-28,middle,0728,,14.5,35.0,898.0495232,2022-08-28,240
235,29.0,5.0,2022-09-06,high,0320,,13.2,,1097.798628,2022-09-06,249
236,24.0,5.0,2022-09-06,high,0328,,13.4,33.0,1006.212052,2022-09-06,249
237,25.0,5.0,2022-09-06,high,0329,,13.4,33.0,823.1047757,2022-09-06,249
238,21.0,5.0,2022-09-06,middle,0337,,13.8,32.0,1303.686161,2022-09-06,249
239,20.0,5.0,2022-09-06,middle,0339,,13.8,32.0,912.0980187,2022-09-06,249
240,26.0,5.0,2022-09-06,middle,0347,,14.0,32.0,1300.687561,2022-09-06,249
241,16.0,5.0,2022-09-06,middle,0350,,14.1,33.0,1285.043584,2022-09-06,249
242,18.0,5.0,2022-09-06,middle,0402,,14.4,35.0,1447.401561,2022-09-06,249
243,17.0,5.0,2022-09-06,middle,0403,,14.4,35.0,1399.51213,2022-09-06,249
244,11.0,5.0,2022-09-06,middle,0410,,,,1450.145815,2022-09-06,249
245,23.0,5.0,2022-09-06,high,0416,,,,1075.135026,2022-09-06,249
246,22.0,5.0,2022-09-06,high,0417,,,,887.2664365,2022-09-06,249
247,1.0,5.0,2022-09-07,low,0418,,13.9,33.0,217.6997565,2022-09-07,250
248,2.0,5.0,2022-09-07,low,0420,,13.9,33.0,803.4519151,2022-09-07,250
249,3.0,5.0,2022-09-07,low,0430,14.1,,,1797.282346,2022-09-07,250
250,4.0,5.0,2022-09-07,low,0433,14.2,,,1533.688186,2022-09-07,250
251,5.0,5.0,2022-09-07,low,0450,,13.8,34.0,1337.351137,2022-09-07,250
252,6.0,5.0,2022-09-07,low,0452,,13.8,34.0,1505.994425,2022-09-07,250
253,8.0,5.0,2022-09-07,low,0457,,13.9,34.0,664.406222,2022-09-07,250
254,7.0,5.0,2022-09-07,low,0457,,13.9,34.0,796.7244267,2022-09-07,250
255,10.0,5.0,2022-09-07,low,0510,,,,1608.296112,2022-09-07,250
256,9.0,5.0,2022-09-07,low,0512,,,,1394.994699,2022-09-07,250
257,19.0,5.0,2022-09-07,middle,0518,,,,1455.891915,2022-09-07,250
258,12.0,5.0,2022-09-07,middle,0522,,,,1866.33518,2022-09-07,250
259,13.0,5.0,2022-09-07,middle,0525,,,,1785.829846,2022-09-07,250
260,27.0,5.0,2022-09-07,middle,0531,,,,733.5173908,2022-09-07,250
261,15.0,5.0,2022-09-07,middle,0544,,,,1385.87175,2022-09-07,250
262,37.0,5.0,2022-09-07,middle,0550,,13.2,35.0,979.9608551,2022-09-07,250
263,7.0,6.0,2022-09-23,low,,,15.2,35.0,769.4503059,2022-09-23,266
264,7.0,6.0,2022-09-23,low,,,15.2,35.0,424.6131337,2022-09-23,266
265,18.0,6.0,2022-09-23,middle,,,15.1,35.0,900.9927064,2022-09-23,266
266,18.0,6.0,2022-09-23,middle,,,15.1,35.0,1008.011481,2022-09-23,266
267,11.0,6.0,2022-09-23,middle,,14.3,,,1499.541668,2022-09-23,266
268,11.0,6.0,2022-09-23,middle,,14.3,,,1483.041915,2022-09-23,266
269,13.0,6.0,2022-09-23,middle,,13.5,,,1305.759518,2022-09-23,266
270,13.0,6.0,2022-09-23,middle,,13.5,,,2040.315977,2022-09-23,266
271,26.0,6.0,2022-09-23,middle,,,14.6,35.0,827.7738257,2022-09-23,266
272,15.0,6.0,2022-09-23,middle,,,14.6,35.0,1708.113254,2022-09-23,266
273,15.0,6.0,2022-09-23,middle,,,14.6,35.0,1448.537525,2022-09-23,266
274,21.0,6.0,2022-09-23,middle,,,14.6,35.0,978.0082324,2022-09-23,266
275,16.0,6.0,2022-09-23,middle,,,14.6,35.0,1315.979124,2022-09-23,266
276,21.0,6.0,2022-09-23,middle,,,14.6,35.0,1063.345235,2022-09-23,266
277,21.0,6.0,2022-09-23,middle,,,14.6,35.0,1010.51965,2022-09-23,266
278,20.0,6.0,2022-09-23,middle,,,,,1538.686503,2022-09-23,266
279,20.0,6.0,2022-09-23,middle,,,,,1301.192543,2022-09-23,266
280,29.0,6.0,2022-09-23,high,,,14.3,35.0,1614.140776,2022-09-23,266
281,29.0,6.0,2022-09-23,high,,,14.3,35.0,1429.4157,2022-09-23,266
283,23.0,6.0,2022-09-23,high,,,14.3,35.0,1406.477664,2022-09-23,266
284,22.0,6.0,2022-09-23,high,,,14.3,35.0,1597.732399,2022-09-23,266
285,22.0,6.0,2022-09-23,high,,,14.3,35.0,1795.315725,2022-09-23,266
286,22.0,6.0,2022-09-23,high,,,14.3,35.0,1255.640312,2022-09-23,266
287,24.0,6.0,2022-09-23,high,,,14.1,36.0,875.8766815,2022-09-23,266
288,2.0,6.0,2022-09-24,low,,,,,722.0389542,2022-09-24,267
289,1.0,6.0,2022-09-24,low,,,,,340.5015328,2022-09-24,267
290,3.0,6.0,2022-09-24,low,,,,,1127.74238,2022-09-24,267
291,3.0,6.0,2022-09-24,low,,,,,1414.637677,2022-09-24,267
292,6.0,6.0,2022-09-24,low,,,,,1747.127108,2022-09-24,267
294,9.0,6.0,2022-09-24,low,,,,,930.5629871,2022-09-24,267
295,9.0,6.0,2022-09-24,low,,,,,827.5586955,2022-09-24,267
296,9.0,6.0,2022-09-24,low,,,,,1401.340556,2022-09-24,267
297,18.0,6.0,2022-09-24,middle,,,,,960.4066158,2022-09-24,267
298,18.0,6.0,2022-09-24,middle,,,,,1160.626731,2022-09-24,267
299,12.0,6.0,2022-09-24,middle,,,,,1457.411896,2022-09-24,267
300,14.0,6.0,2022-09-24,middle,,,,,911.4330822,2022-09-24,267
301,14.0,6.0,2022-09-24,middle,,,,,1337.152523,2022-09-24,267
302,8.0,6.0,2022-09-24,low,,,,,548.2794623,2022-09-24,267
303,8.0,6.0,2022-09-24,low,,,,,423.2245419,2022-09-24,267
304,24.0,6.0,2022-09-24,high,,,14.3,35.0,704.0054742,2022-09-24,267
305,24.0,6.0,2022-09-24,high,,,14.3,35.0,790.8551844,2022-09-24,267
306,27.0,6.0,2022-09-24,middle,,,,,1236.074816,2022-09-24,267
307,30.0,6.0,2022-09-24,high,,,,,385.2857751,2022-09-24,267
308,30.0,6.0,2022-09-24,high,,,,,354.5750495,2022-09-24,267
309,18.0,7.0,2022-10-10,middle,,,15.4,34.0,1845.329699,2022-10-10,283
310,17.0,7.0,2022-10-10,middle,,,15.4,34.0,1443.953612,2022-10-10,283
311,19.0,7.0,2022-10-10,middle,,,15.4,34.0,1805.194471,2022-10-10,283
312,19.0,7.0,2022-10-10,middle,,,15.4,34.0,2066.247507,2022-10-10,283
313,14.0,7.0,2022-10-10,middle,,,,,1441.418135,2022-10-10,283
314,27.0,7.0,2022-10-10,middle,,,15.0,36.0,929.9929867,2022-10-10,283
315,27.0,7.0,2022-10-10,middle,,,15.0,36.0,607.9832594,2022-10-10,283
316,10.0,7.0,2022-10-10,low,,,,,1930.571964,2022-10-10,283
317,10.0,7.0,2022-10-10,low,,,,,1482.885311,2022-10-10,283
318,8.0,7.0,2022-10-10,low,,,15.2,35.0,755.6019542,2022-10-10,283
319,8.0,7.0,2022-10-10,low,,,15.2,35.0,343.3438473,2022-10-10,283
320,8.0,7.0,2022-10-10,low,,,15.2,35.0,516.8234308,2022-10-10,283
321,5.0,7.0,2022-10-10,low,,,15.3,35.0,894.669545,2022-10-10,283
322,5.0,7.0,2022-10-10,low,,,15.3,35.0,1105.10316,2022-10-10,283
323,6.0,7.0,2022-10-10,low,,,,,1228.495671,2022-10-10,283
324,6.0,7.0,2022-10-10,low,,,,,1352.180933,2022-10-10,283
325,21.0,7.0,2022-10-10,middle,,,,,525.6788721,2022-10-10,283
326,20.0,7.0,2022-10-10,middle,,,,,773.0374108,2022-10-10,283
327,2.0,7.0,2022-10-11,low,,,,,313.538133,2022-10-11,284
328,2.0,7.0,2022-10-11,low,,,,,264.3802593,2022-10-11,284
329,1.0,7.0,2022-10-11,low,,,,,276.1378438,2022-10-11,284
330,1.0,7.0,2022-10-11,low,,,,,189.65231,2022-10-11,284
331,4.0,7.0,2022-10-11,low,,,15.0,35.0,310.6917216,2022-10-11,284
332,3.0,7.0,2022-10-11,low,,,15.0,35.0,510.889616,2022-10-11,284
333,13.0,7.0,2022-10-11,middle,,14.0,,,1415.104696,2022-10-11,284
334,14.0,7.0,2022-10-11,middle,,,13.7,,1402.623779,2022-10-11,284
335,14.0,7.0,2022-10-11,middle,,,13.7,,1242.779813,2022-10-11,284
336,14.0,7.0,2022-10-11,middle,,,13.7,,867.9373982,2022-10-11,284
338,15.0,7.0,2022-10-11,middle,,,14.7,35.0,1742.503542,2022-10-11,284
339,12.0,7.0,2022-10-11,middle,,,14.9,35.0,2042.56377,2022-10-11,284
340,12.0,7.0,2022-10-11,middle,,,14.9,35.0,2038.521491,2022-10-11,284
341,12.0,7.0,2022-10-11,middle,,,14.9,35.0,1262.222926,2022-10-11,284
342,7.0,7.0,2022-10-11,low,,,14.9,35.0,283.7822509,2022-10-11,284
343,7.0,7.0,2022-10-11,low,,,14.9,35.0,792.368594,2022-10-11,284
344,7.0,7.0,2022-10-11,low,,,14.9,35.0,821.4901776,2022-10-11,284
345,8.0,7.0,2022-10-11,low,,,14.9,35.0,635.5652703,2022-10-11,284
346,8.0,7.0,2022-10-11,low,,,14.9,35.0,747.3719665,2022-10-11,284
347,18.0,7.0,2022-10-11,middle,,,,,1417.767301,2022-10-11,284
349,18.0,7.0,2022-10-11,middle,,,,,1351.409355,2022-10-11,284
350,19.0,7.0,2022-10-11,middle,,,,,1394.456855,2022-10-11,284
351,16.0,7.0,2022-10-11,middle,,,,,1695.489317,2022-10-11,284
353,23.0,7.0,2022-10-11,high,,,,,1358.596773,2022-10-11,284
354,23.0,7.0,2022-10-11,high,,,,,1399.044839,2022-10-11,284
355,22.0,7.0,2022-10-11,high,,,,,1607.360292,2022-10-11,284
356,33.0,7.0,2022-10-11,high,,,,,1218.376303,2022-10-11,284
357,34.0,7.0,2022-10-11,high,,,,,942.4768582,2022-10-11,284
358,34.0,7.0,2022-10-11,high,,,,,745.7445128,2022-10-11,284
359,30.0,7.0,2022-10-11,high,,,,,374.8504759,2022-10-11,284
360,31.0,8.0,2022-10-27,high,,,,,2025.955278,2022-10-27,300
361,3.0,8.0,2022-10-27,low,,,,,1234.101751,2022-10-27,300
362,4.0,8.0,2022-10-27,low,,,,,1099.829438,2022-10-27,300
363,28.0,8.0,2022-10-27,low,,,,,1171.279692,2022-10-27,300
364,27.0,8.0,2022-10-27,middle,,,,,544.2055361,2022-10-27,300
365,18.0,8.0,2022-10-27,middle,,,,,1568.482725,2022-10-27,300
366,17.0,8.0,2022-10-27,middle,,,,,1955.767861,2022-10-27,300
367,19.0,8.0,2022-10-27,middle,,,,,2867.055048,2022-10-27,300
368,11.0,8.0,2022-10-27,middle,,,,,1309.792566,2022-10-27,300
369,13.0,8.0,2022-10-27,middle,,,,,2029.670912,2022-10-27,300
370,14.0,8.0,2022-10-27,middle,,,,,897.8593733,2022-10-27,300
371,16.0,8.0,2022-10-27,middle,,,,,1178.850819,2022-10-27,300
372,21.0,8.0,2022-10-27,middle,,,,,1829.823818,2022-10-27,300
373,22.0,8.0,2022-10-27,high,,,,,1271.792377,2022-10-27,300
374,29.0,8.0,2022-10-27,high,,,,,1729.278544,2022-10-27,300
375,30.0,8.0,2022-10-27,high,,,,,760.06448,2022-10-27,300
376,24.0,8.0,2022-10-27,high,,,,,660.2207829,2022-10-27,300
377,35.0,8.0,2022-10-27,high,,,,,1295.78555,2022-10-27,300
378,33.0,8.0,2022-10-27,high,,,,,1088.563775,2022-10-27,300
380,34.0,8.0,2022-10-27,high,,,,,985.3528206,2022-10-27,300
381,25.0,8.0,2022-10-28,high,,,,,879.9427869,2022-10-28,301
382,30.0,8.0,2022-10-28,high,,,,,535.567551,2022-10-28,301
383,34.0,9.0,2022-11-08,high,,,,,1232.991027,2022-11-08,312
384,33.0,9.0,2022-11-08,high,,,,,741.887786,2022-11-08,312
385,31.0,9.0,2022-11-08,high,,,12.3,35.0,1062.602928,2022-11-08,312
386,24.0,9.0,2022-11-08,high,,,12.5,35.0,1391.031432,2022-11-08,312
387,25.0,9.0,2022-11-08,high,,,12.5,35.0,731.1956102,2022-11-08,312
388,30.0,9.0,2022-11-08,high,,,12.4,35.0,1026.462963,2022-11-08,312
389,22.0,9.0,2022-11-08,high,,,,,1542.060534,2022-11-08,312
390,20.0,9.0,2022-11-08,middle,,,,,2297.227327,2022-11-08,312
391,21.0,9.0,2022-11-08,middle,,,,,2320.294222,2022-11-08,312
392,16.0,9.0,2022-11-08,middle,,,,,2110.092669,2022-11-08,312
393,15.0,9.0,2022-11-08,middle,,,,,1808.537459,2022-11-08,312
394,26.0,9.0,2022-11-08,middle,,,,,2743.691985,2022-11-08,312
395,36.0,9.0,2022-11-08,middle,,,,,956.8822212,2022-11-08,312
396,37.0,9.0,2022-11-08,middle,,,,,1940.727933,2022-11-08,312
398,27.0,9.0,2022-11-08,middle,,,,,374.5380571,2022-11-08,312
399,13.0,9.0,2022-11-08,middle,,,,,2078.91862,2022-11-08,312
400,14.0,9.0,2022-11-08,middle,,,,,1204.360515,2022-11-08,312
401,18.0,9.0,2022-11-08,middle,,,,,1323.305956,2022-11-08,312
402,17.0,9.0,2022-11-08,middle,,,,,1813.174183,2022-11-08,312
403,19.0,9.0,2022-11-08,middle,,,,,1369.25408,2022-11-08,312
404,11.0,9.0,2022-11-08,middle,,,,,1514.992527,2022-11-08,312
405,12.0,9.0,2022-11-08,middle,,,,,1881.818396,2022-11-08,312
406,7.0,9.0,2022-11-08,low,,,,,868.1679635,2022-11-08,312
407,8.0,9.0,2022-11-08,low,,,,,680.7971674,2022-11-08,312
408,5.0,9.0,2022-11-08,low,,,,,1528.921866,2022-11-08,312
409,6.0,9.0,2022-11-08,low,,,,,2474.219988,2022-11-08,312
410,28.0,9.0,2022-11-08,low,,,,,2183.553211,2022-11-08,312
411,3.0,9.0,2022-11-08,low,,,,,969.0798475,2022-11-08,312
412,4.0,9.0,2022-11-08,low,,,,,1158.637646,2022-11-08,312
413,34.0,10.0,2022-11-23,high,,,12.2,34.0,620.8516181,2022-11-23,327
414,24.0,10.0,2022-11-23,high,,,12.1,35.0,646.0929738,2022-11-23,327
415,25.0,10.0,2022-11-23,high,,,,,302.7072013,2022-11-23,327
416,29.0,10.0,2022-11-23,high,,12.2,,,693.2241749,2022-11-23,327
417,30.0,10.0,2022-11-23,high,,12.2,,,835.2343497,2022-11-23,327
418,31.0,10.0,2022-11-23,high,,,,,950.0308844,2022-11-23,327
419,20.0,10.0,2022-11-23,middle,,12.2,,,848.6248642,2022-11-23,327
420,16.0,10.0,2022-11-23,middle,,12.3,,,696.1621658,2022-11-23,327
421,26.0,10.0,2022-11-23,middle,,,12.7,35.0,929.3021607,2022-11-23,327
422,14.0,10.0,2022-11-23,middle,,,,,851.4468041,2022-11-23,327
423,19.0,10.0,2022-11-23,middle,,,12.3,35.0,718.7450067,2022-11-23,327
424,17.0,10.0,2022-11-23,middle,,,12.3,35.0,846.6181461,2022-11-23,327
425,18.0,10.0,2022-11-23,middle,,,12.3,35.0,0.0002872063145,2022-11-23,327
426,11.0,10.0,2022-11-23,middle,,12.1,,,589.3391024,2022-11-23,327
427,12.0,10.0,2022-11-23,middle,,12.1,,,708.2287639,2022-11-23,327
428,32.0,10.0,2022-11-23,middle,,,12.1,35.0,535.6688745,2022-11-23,327
429,10.0,10.0,2022-11-23,low,,,12.3,36.0,1028.052187,2022-11-23,327
430,9.0,10.0,2022-11-23,low,,,12.3,36.0,686.0080068,2022-11-23,327
431,7.0,10.0,2022-11-23,low,,,12.2,36.0,308.7270926,2022-11-23,327
432,8.0,10.0,2022-11-23,low,,,12.2,36.0,491.9424977,2022-11-23,327
433,28.0,10.0,2022-11-23,low,,12.1,,,809.1011515,2022-11-23,327
434,5.0,10.0,2022-11-23,low,,,12.3,36.0,991.1115389,2022-11-23,327
435,6.0,10.0,2022-11-23,low,,,12.3,36.0,1199.777704,2022-11-23,327
436,3.0,10.0,2022-11-23,low,,12.1,,,786.2966521,2022-11-23,327
437,4.0,10.0,2022-11-23,low,,12.3,,,323.9652491,2022-11-23,327
438,35.0,11.0,2022-12-06,high,,,11.7,34.0,614.3833251,2022-12-06,340
439,34.0,11.0,2022-12-06,high,,,11.7,34.0,496.6591824,2022-12-06,340
440,24.0,11.0,2022-12-06,high,,,11.5,35.0,573.6668223,2022-12-06,340
441,25.0,11.0,2022-12-06,high,,,11.5,35.0,479.9178232,2022-12-06,340
443,22.0,11.0,2022-12-06,high,,11.5,,,663.5140357,2022-12-06,340
444,20.0,11.0,2022-12-06,middle,,11.7,,,305.8364532,2022-12-06,340
445,21.0,11.0,2022-12-06,middle,,11.8,,,934.7289179,2022-12-06,340
446,32.0,11.0,2022-12-06,middle,,,11.7,35.0,622.1865431,2022-12-06,340
448,15.0,11.0,2022-12-06,middle,,11.8,,,605.0838281,2022-12-06,340
449,27.0,11.0,2022-12-06,middle,,,,,257.2038929,2022-12-06,340
450,36.0,11.0,2022-12-06,middle,,,12.0,36.0,402.6520535,2022-12-06,340
451,38.0,11.0,2022-12-06,middle,,,12.0,36.0,340.6180168,2022-12-06,340
452,37.0,11.0,2022-12-06,middle,,,12.0,36.0,433.7238204,2022-12-06,340
453,13.0,11.0,2022-12-06,middle,,12.0,,,887.3256687,2022-12-06,340
454,14.0,11.0,2022-12-06,middle,,12.0,,,578.7192684,2022-12-06,340
455,18.0,11.0,2022-12-06,middle,,,11.8,37.0,682.1289652,2022-12-06,340
456,17.0,11.0,2022-12-06,middle,,,11.8,37.0,429.3164013,2022-12-06,340
457,19.0,11.0,2022-12-06,middle,,,11.8,37.0,680.2613795,2022-12-06,340
458,11.0,11.0,2022-12-06,middle,,12.0,,,675.6241551,2022-12-06,340
459,12.0,11.0,2022-12-06,middle,,12.0,,,1407.143859,2022-12-06,340
460,10.0,11.0,2022-12-06,low,,,11.9,36.0,995.1116079,2022-12-06,340
461,9.0,11.0,2022-12-06,low,,,11.9,36.0,2.611354912,2022-12-06,340
462,26.0,11.0,2022-12-06,middle,,,121.0,35.0,514.393232,2022-12-06,340
463,7.0,11.0,2022-12-06,low,,,11.5,38.0,398.6681545,2022-12-06,340
464,8.0,11.0,2022-12-06,low,,,11.5,38.0,463.0180668,2022-12-06,340
465,28.0,11.0,2022-12-06,low,,11.2,,,864.4252921,2022-12-06,340
466,5.0,11.0,2022-12-06,low,,,11.7,37.0,943.8471595,2022-12-06,340
467,6.0,11.0,2022-12-06,low,,,11.7,37.0,1006.044024,2022-12-06,340
468,1.0,11.0,2022-12-06,low,,11.5,,,204.801702,2022-12-06,340
469,2.0,11.0,2022-12-06,low,,11.5,,,445.9804323,2022-12-06,340
470,23.0,11.0,2022-12-06,high,,,,,891.9323925,2022-12-06,340
471,31.0,11.0,2022-12-06,high,,,10.6,35.0,810.7612067,2022-12-06,340
472,34.0,12.0,2023-01-06,high,15:37,,12.7,34.0,596.7348144,2023-01-06,6
473,33.0,12.0,2023-01-06,high,15:40,,12.7,34.0,829.8705789,2023-01-06,6
474,25.0,12.0,2023-01-06,high,15:43,,12.7,34.0,535.171236,2023-01-06,6
475,24.0,12.0,2023-01-06,high,15:45,,12.7,34.0,589.906065,2023-01-06,6
476,32.0,12.0,2023-01-06,middle,15:50,,12.6,34.0,419.7350966,2023-01-06,6
477,21.0,12.0,2023-01-06,middle,15:55,,12.6,34.0,758.5929799,2023-01-06,6
478,20.0,12.0,2023-01-06,middle,16:00,,12.6,34.0,808.481636,2023-01-06,6
479,16.0,12.0,2023-01-06,middle,16:10,,12.6,34.0,981.1764524,2023-01-06,6
480,15.0,12.0,2023-01-06,middle,16:15,,12.6,34.0,810.4746082,2023-01-06,6
481,26.0,12.0,2023-01-06,middle,16:20,,12.6,34.0,756.6722792,2023-01-06,6
482,36.0,12.0,2023-01-06,middle,16:19,,12.7,34.0,671.0351862,2023-01-06,6
483,37.0,12.0,2023-01-06,middle,16:20,,12.7,34.0,965.3850065,2023-01-06,6
484,38.0,12.0,2023-01-06,middle,16:21,,12.7,34.0,471.1284462,2023-01-06,6
485,13.0,12.0,2023-01-06,middle,16:30,,12.6,34.0,879.309304,2023-01-06,6
486,14.0,12.0,2023-01-06,middle,16:33,,12.6,34.0,887.01324,2023-01-06,6
487,11.0,12.0,2023-01-06,middle,16:40,,12.6,34.0,999.0016336,2023-01-06,6
488,12.0,12.0,2023-01-06,middle,16:41,,12.6,34.0,635.4320845,2023-01-06,6
489,7.0,12.0,2023-01-06,low,16:45,,12.6,34.0,380.0032801,2023-01-06,6
490,8.0,12.0,2023-01-06,low,16:46,,12.6,34.0,257.230638,2023-01-06,6
491,5.0,12.0,2023-01-06,low,16:50,,,,620.2016695,2023-01-06,6
492,6.0,12.0,2023-01-06,low,16:53,,,,1013.899771,2023-01-06,6
493,18.0,12.0,2023-01-06,middle,17:00,,,,740.9721988,2023-01-06,6
494,17.0,12.0,2023-01-06,middle,17:01,,,,477.3018065,2023-01-06,6
495,19.0,12.0,2023-01-06,middle,17:02,,,,365.382156,2023-01-06,6
496,1.0,13.0,2023-01-23,low,17:41,11.5,,,260.5163929,2023-01-23,23
497,2.0,13.0,2023-01-23,low,17:42,11.8,,,371.8066133,2023-01-23,23
498,3.0,13.0,2023-01-23,low,17:51,10.8,,,503.4211761,2023-01-23,23
499,4.0,13.0,2023-01-23,low,17:52,10.7,,,203.7160313,2023-01-23,23
500,5.0,13.0,2023-01-23,low,17:58,,12.0,35.0,372.613995,2023-01-23,23
501,6.0,13.0,2023-01-23,low,17:59,,12.0,35.0,1210.141991,2023-01-23,23
502,8.0,13.0,2023-01-23,low,18:06,,,,349.6498538,2023-01-23,23
503,18.0,13.0,2023-01-23,middle,18:15,,,,679.3377131,2023-01-23,23
504,17.0,13.0,2023-01-23,middle,18:16,,,,1142.324366,2023-01-23,23
505,11.0,13.0,2023-01-23,middle,18:20,,,,962.4380942,2023-01-23,23
506,12.0,13.0,2023-01-23,middle,18:21,,,,685.8393184,2023-01-23,23
507,26.0,13.0,2023-01-23,middle,18:25,,,,674.1332379,2023-01-23,23
508,16.0,13.0,2023-01-23,middle,18:28,,,,693.2448248,2023-01-23,23
509,32.0,13.0,2023-01-23,middle,18:30,,,,553.6968363,2023-01-23,23
510,34.0,13.0,2023-01-23,high,18:40,,,,462.8521932,2023-01-23,23
511,38.0,13.0,2023-01-23,middle,18:50,,10.4,37.0,334.4975974,2023-01-23,23
512,36.0,13.0,2023-01-23,middle,18:55,,10.4,37.0,536.3701722,2023-01-23,23
514,31.0,14.0,2023-02-06,high,16:25,,,,542.2120396,2023-02-06,37
515,34.0,14.0,2023-02-06,high,16:31,,,,332.2941045,2023-02-06,37
516,35.0,14.0,2023-02-06,high,16:32,,,,507.5047232,2023-02-06,37
517,24.0,14.0,2023-02-06,high,16:38,,,,363.3248389,2023-02-06,37
518,25.0,14.0,2023-02-06,high,16:39,,,,586.0133557,2023-02-06,37
519,32.0,14.0,2023-02-06,middle,16:45,,,,687.6084892,2023-02-06,37
520,26.0,14.0,2023-02-06,middle,16:50,,,,480.139567,2023-02-06,37
521,16.0,14.0,2023-02-06,middle,17:08,,,,196.5844035,2023-02-06,37
522,15.0,14.0,2023-02-06,middle,16:09,,,,346.8742336,2023-02-06,37
523,14.0,14.0,2023-02-06,middle,17:11,,,,883.2974765,2023-02-06,37
524,38.0,14.0,2023-02-06,middle,17:20,,,,410.1456712,2023-02-06,37
525,36.0,14.0,2023-02-06,middle,17:22,,,,554.0213055,2023-02-06,37
526,37.0,14.0,2023-02-06,middle,17:23,,,,666.808936,2023-02-06,37
527,12.0,14.0,2023-02-06,middle,17:27,,,,881.179603,2023-02-06,37
528,18.0,14.0,2023-02-06,middle,17:35,,,,841.8646734,2023-02-06,37
529,19.0,14.0,2023-02-06,middle,17:36,,,,453.1920794,2023-02-06,37
530,7.0,14.0,2023-02-06,low,17:40,,,,232.2816064,2023-02-06,37
531,8.0,14.0,2023-02-06,low,17:40,,,,266.1486865,2023-02-06,37
532,5.0,14.0,2023-02-06,low,17:45,,,,588.2343364,2023-02-06,37
533,6.0,14.0,2023-02-06,low,17:45,,,,938.5254829,2023-02-06,37
534,28.0,14.0,2023-02-06,low,17:47,,,,823.9664071,2023-02-06,37
535,10.0,14.0,2023-02-06,low,17:51,,,,884.1452697,2023-02-06,37
536,9.0,14.0,2023-02-06,low,17:51,,,,494.1728534,2023-02-06,37
537,,15.0,2023-02-18,high,14:30,,,,710.3358203,2023-02-18,49
538,34.0,15.0,2023-02-18,high,14:34,,,,559.4576987,2023-02-18,49
539,24.0,15.0,2023-02-18,high,14:40,,,,526.8001426,2023-02-18,49
540,,15.0,2023-02-18,high,14:46,,,,488.5879305,2023-02-18,49
541,,15.0,2023-02-18,high,14:48,,,,383.003313,2023-02-18,49
542,,15.0,2023-02-18,high,14:50,,,,301.1703803,2023-02-18,49
543,,15.0,2023-02-18,high,14:52,,,,257.3615086,2023-02-18,49
544,,15.0,2023-02-18,high,14:54,,,,1005.695288,2023-02-18,49
545,,15.0,2023-02-18,high,14:56,,,,500.0633335,2023-02-18,49
546,,15.0,2023-02-18,high,14:58,,,,1118.739107,2023-02-18,49
547,16.0,15.0,2023-02-18,middle,15:00,,,,303.2025476,2023-02-18,49
548,26.0,15.0,2023-02-18,middle,15:03,,,,806.7094323,2023-02-18,49
549,32.0,15.0,2023-02-18,middle,15:10,,,,752.3733107,2023-02-18,49
550,18.0,15.0,2023-02-18,middle,15:26,,,,1133.428109,2023-02-18,49
551,19.0,15.0,2023-02-18,middle,15:27,,,,894.2150022,2023-02-18,49
552,11.0,15.0,2023-02-18,middle,15:31,,,,646.4396506,2023-02-18,49
553,,15.0,2023-02-18,middle,15:40,,,,294.6829663,2023-02-18,49
554,,15.0,2023-02-18,middle,15:41,,,,745.5900385,2023-02-18,49
555,,15.0,2023-02-18,middle,15:42,,,,663.8496746,2023-02-18,49
556,,15.0,2023-02-18,middle,15:43,,,,636.9736137,2023-02-18,49
557,10.0,15.0,2023-02-18,low,15:44,,,,576.3962973,2023-02-18,49
558,9.0,15.0,2023-02-18,low,15:44,,,,673.9780559,2023-02-18,49
559,8.0,15.0,2023-02-18,low,15:48,,,,417.8847883,2023-02-18,49
560,5.0,15.0,2023-02-18,low,15:52,,,,654.3827061,2023-02-18,49
561,6.0,15.0,2023-02-18,low,15:52,,,,1046.404198,2023-02-18,49
562,,15.0,2023-02-18,low,15:55,,,,306.6629345,2023-02-18,49
563,1.0,15.0,2023-02-18,low,15:56,,,,227.3572992,2023-02-18,49
564,4.0,15.0,2023-02-18,low,16:00,,,,508.116145,2023-02-18,49
565,,15.0,2023-02-18,low,16:01,,,,583.0605507,2023-02-18,49
566,,15.0,2023-02-18,low,16:03,,,,255.1957981,2023-02-18,49
567,34.0,16.0,2023-03-17,high,14:37,,16.9,34.0,408.7486365,2023-03-17,76
568,25.0,16.0,2023-03-17,high,14:40,,16.9,34.0,295.4540042,2023-03-17,76
569,,16.0,2023-03-17,high,14:43,,16.9,34.0,752.9632859,2023-03-17,76
570,,16.0,2023-03-17,high,14:46,,16.9,34.0,601.9896539,2023-03-17,76
571,,16.0,2023-03-17,high,14:49,,17.0,34.0,634.0516481,2023-03-17,76
572,,16.0,2023-03-17,high,14:52,,17.0,34.0,754.8656381,2023-03-17,76
573,,16.0,2023-03-17,high,14:55,,17.0,34.0,364.3170796,2023-03-17,76
574,,16.0,2023-03-17,high,14:58,,16.4,34.0,355.4451083,2023-03-17,76
575,,16.0,2023-03-17,high,15:01,,16.4,34.0,338.8115526,2023-03-17,76
576,,16.0,2023-03-17,high,15:04,,16.4,34.0,273.0269771,2023-03-17,76
577,21.0,16.0,2023-03-17,middle,15:07,19.3,,,481.7140368,2023-03-17,76
578,32.0,16.0,2023-03-17,middle,15:10,,,,789.5179747,2023-03-17,76
579,11.0,16.0,2023-03-17,middle,15:13,,,,774.3551609,2023-03-17,76
580,12.0,16.0,2023-03-17,middle,15:16,,,,629.8100478,2023-03-17,76
581,,16.0,2023-03-17,,15:19,,,,518.5532067,2023-03-17,76
582,18.0,16.0,2023-03-17,middle,15:22,,18.2,31.0,459.8766574,2023-03-17,76
583,38.0,16.0,2023-03-17,middle,15:25,,18.7,34.0,251.95592,2023-03-17,76
584,36.0,16.0,2023-03-17,middle,15:28,,18.7,34.0,297.4490349,2023-03-17,76
585,9.0,16.0,2023-03-17,low,15:31,,18.2,33.0,730.791725,2023-03-17,76
586,10.0,16.0,2023-03-17,low,15:34,,18.2,33.0,521.3170981,2023-03-17,76
587,7.0,16.0,2023-03-17,low,15:37,,,,161.7839829,2023-03-17,76
588,8.0,16.0,2023-03-17,low,15:40,,,,160.9804821,2023-03-17,76
589,6.0,16.0,2023-03-17,low,15:43,,,,718.7308631,2023-03-17,76
590,2.0,16.0,2023-03-17,low,15:46,,,,93.2189363,2023-03-17,76
591,,16.0,2023-03-17,,15:49,,,,199.8113254,2023-03-17,76
592,4.0,16.0,2023-03-17,low,15:52,,,,61.31954454,2023-03-17,76
