specimen_number,specimen_id,collection_group,date_of_collection,intertidal_zone,time_of_collection,internal_temp(c),pool_temp(c),salinity(ppt),num_cells_per_ug_protein,ng_chlorophyll_per_ug_protein,date_time,doy,compatible_date
197,1.0,4.0,2022-08-27,low,0635,,14.7,35.0,297.1462177,12.43931228,2022-08-27,239,2022-08-27
220,25.0,4.0,2022-08-27,high,0824,,14.6,34.0,793.9801986,69.63560656,2022-08-27,239,2022-08-27
219,24.0,4.0,2022-08-27,high,0822,,14.6,34.0,1197.267939,78.92009447,2022-08-27,239,2022-08-27
218,30.0,4.0,2022-08-27,high,0817,,14.9,34.0,1334.367536,99.49341579,2022-08-27,239,2022-08-27
217,29.0,4.0,2022-08-27,high,0815,,14.8,34.0,870.6391655,90.27023688,2022-08-27,239,2022-08-27
215,23.0,4.0,2022-08-27,high,0805,,14.7,35.0,1053.853747,77.35194209,2022-08-27,239,2022-08-27
214,15.0,4.0,2022-08-27,middle,0803,,14.7,35.0,1754.537098,105.6422157,2022-08-27,239,2022-08-27
213,16.0,4.0,2022-08-27,middle,0800,,14.7,35.0,914.5124018,61.77201124,2022-08-27,239,2022-08-27
212,26.0,4.0,2022-08-27,middle,0750,,14.6,35.0,1554.207123,96.98451006,2022-08-27,239,2022-08-27
210,13.0,4.0,2022-08-27,middle,0747,,14.6,35.0,1314.613642,38.50375629,2022-08-27,239,2022-08-27
211,26.0,4.0,2022-08-27,middle,0750,,14.6,35.0,1457.925913,69.18316964,2022-08-27,239,2022-08-27
208,9.0,4.0,2022-08-27,low,0728,,14.5,36.0,1057.835206,35.44519768,2022-08-27,239,2022-08-27
207,10.0,4.0,2022-08-27,low,0725,,14.5,36.0,1200.122177,61.45422582,2022-08-27,239,2022-08-27
206,8.0,4.0,2022-08-27,low,0719,,14.3,35.0,1206.66422,25.21170391,2022-08-27,239,2022-08-27
205,7.0,4.0,2022-08-27,low,0715,,14.3,35.0,1696.712943,60.83022192,2022-08-27,239,2022-08-27
203,6.0,4.0,2022-08-27,low,0703,,14.3,36.0,1967.920083,94.82951315,2022-08-27,239,2022-08-27
201,5.0,4.0,2022-08-27,low,0700,,14.3,36.0,1749.898902,27.20439,2022-08-27,239,2022-08-27
200,4.0,4.0,2022-08-27,low,0649,,14.5,35.0,1079.883735,62.0101231,2022-08-27,239,2022-08-27
199,3.0,4.0,2022-08-27,low,0647,,14.5,35.0,2336.40302,24.52705872,2022-08-27,239,2022-08-27
198,2.0,4.0,2022-08-27,low,0637,,14.7,35.0,270.8601223,7.803771881,2022-08-27,239,2022-08-27
209,27.0,4.0,2022-08-27,middle,0735,,14.3,36.0,985.445892,51.07155709,2022-08-27,239,2022-08-27
229,12.0,4.0,2022-08-28,middle,0715,,14.7,35.0,1701.502066,160.0621564,2022-08-28,240,2022-08-28
231,36.0,4.0,2022-08-28,middle,0728,,14.5,35.0,898.0495232,68.02932355,2022-08-28,240,2022-08-28
230,38.0,4.0,2022-08-28,middle,0726,,14.5,35.0,1150.120743,76.36692914,2022-08-28,240,2022-08-28
228,11.0,4.0,2022-08-28,middle,0713,,14.5,35.0,1691.946311,144.5399072,2022-08-28,240,2022-08-28
226,18.0,4.0,2022-08-28,middle,0706,,14.5,35.0,1160.147794,43.13039671,2022-08-28,240,2022-08-28
225,17.0,4.0,2022-08-28,middle,0704,,14.5,35.0,1834.598528,71.04861051,2022-08-28,240,2022-08-28
223,20.0,4.0,2022-08-28,middle,0652,,14.6,33.0,1564.243863,43.3192935,2022-08-28,240,2022-08-28
221,21.0,4.0,2022-08-28,middle,0645,,14.6,33.0,1645.837984,28.77835465,2022-08-28,240,2022-08-28
227,14.0,4.0,2022-08-28,middle,0711,,14.5,35.0,1453.318481,101.9168041,2022-08-28,240,2022-08-28
242,18.0,5.0,2022-09-06,middle,0402,,14.4,35.0,1447.401561,99.85584244,2022-09-06,249,2022-09-06
246,22.0,5.0,2022-09-06,high,0417,,,,887.2664365,73.63791797,2022-09-06,249,2022-09-06
245,23.0,5.0,2022-09-06,high,0416,,,,1075.135026,72.98856505,2022-09-06,249,2022-09-06
244,11.0,5.0,2022-09-06,middle,0410,,,,1450.145815,65.68811022,2022-09-06,249,2022-09-06
243,17.0,5.0,2022-09-06,middle,0403,,14.4,35.0,1399.51213,167.1051533,2022-09-06,249,2022-09-06
241,16.0,5.0,2022-09-06,middle,0350,,14.1,33.0,1285.043584,59.83489987,2022-09-06,249,2022-09-06
240,26.0,5.0,2022-09-06,middle,0347,,14.0,32.0,1300.687561,100.3160106,2022-09-06,249,2022-09-06
239,20.0,5.0,2022-09-06,middle,0339,,13.8,32.0,912.0980187,67.37398039,2022-09-06,249,2022-09-06
238,21.0,5.0,2022-09-06,middle,0337,,13.8,32.0,1303.686161,136.2313491,2022-09-06,249,2022-09-06
237,25.0,5.0,2022-09-06,high,0329,,13.4,33.0,823.1047757,82.08531956,2022-09-06,249,2022-09-06
236,24.0,5.0,2022-09-06,high,0328,,13.4,33.0,1006.212052,88.4562958,2022-09-06,249,2022-09-06
235,29.0,5.0,2022-09-06,high,0320,,13.2,,1097.798628,129.1678745,2022-09-06,249,2022-09-06
257,19.0,5.0,2022-09-07,middle,0518,,,,1455.891915,77.87278195,2022-09-07,250,2022-09-07
258,12.0,5.0,2022-09-07,middle,0522,,,,1866.33518,168.4474166,2022-09-07,250,2022-09-07
259,13.0,5.0,2022-09-07,middle,0525,,,,1785.829846,78.19664075,2022-09-07,250,2022-09-07
256,9.0,5.0,2022-09-07,low,0512,,,,1394.994699,110.1868551,2022-09-07,250,2022-09-07
261,15.0,5.0,2022-09-07,middle,0544,,,,1385.87175,94.81069773,2022-09-07,250,2022-09-07
262,37.0,5.0,2022-09-07,middle,0550,,13.2,35.0,979.9608551,108.3307674,2022-09-07,250,2022-09-07
260,27.0,5.0,2022-09-07,middle,0531,,,,733.5173908,63.0435434,2022-09-07,250,2022-09-07
255,10.0,5.0,2022-09-07,low,0510,,,,1608.296112,61.76437069,2022-09-07,250,2022-09-07
250,4.0,5.0,2022-09-07,low,0433,14.2,,,1533.688186,126.1639657,2022-09-07,250,2022-09-07
253,8.0,5.0,2022-09-07,low,0457,,13.9,34.0,664.406222,64.10179962,2022-09-07,250,2022-09-07
252,6.0,5.0,2022-09-07,low,0452,,13.8,34.0,1505.994425,104.3285485,2022-09-07,250,2022-09-07
251,5.0,5.0,2022-09-07,low,0450,,13.8,34.0,1337.351137,119.3824439,2022-09-07,250,2022-09-07
249,3.0,5.0,2022-09-07,low,0430,14.1,,,1797.282346,142.2600576,2022-09-07,250,2022-09-07
248,2.0,5.0,2022-09-07,low,0420,,13.9,33.0,803.4519151,80.95979631,2022-09-07,250,2022-09-07
247,1.0,5.0,2022-09-07,low,0418,,13.9,33.0,217.6997565,16.85717233,2022-09-07,250,2022-09-07
254,7.0,5.0,2022-09-07,low,0457,,13.9,34.0,796.7244267,48.98717555,2022-09-07,250,2022-09-07
277,21.0,6.0,2022-09-23,middle,,,14.6,35.0,1010.51965,20.80001443,2022-09-23,266,2022-09-23
278,20.0,6.0,2022-09-23,middle,,,,,1538.686503,22.22436781,2022-09-23,266,2022-09-23
279,20.0,6.0,2022-09-23,middle,,,,,1301.192543,20.73901497,2022-09-23,266,2022-09-23
280,29.0,6.0,2022-09-23,high,,,14.3,35.0,1614.140776,72.40073718,2022-09-23,266,2022-09-23
285,22.0,6.0,2022-09-23,high,,,14.3,35.0,1795.315725,89.03994718,2022-09-23,266,2022-09-23
283,23.0,6.0,2022-09-23,high,,,14.3,35.0,1406.477664,85.26931357,2022-09-23,266,2022-09-23
284,22.0,6.0,2022-09-23,high,,,14.3,35.0,1597.732399,77.79735582,2022-09-23,266,2022-09-23
286,22.0,6.0,2022-09-23,high,,,14.3,35.0,1255.640312,73.9564712,2022-09-23,266,2022-09-23
287,24.0,6.0,2022-09-23,high,,,14.1,36.0,875.8766815,52.63788841,2022-09-23,266,2022-09-23
281,29.0,6.0,2022-09-23,high,,,14.3,35.0,1429.4157,50.00427379,2022-09-23,266,2022-09-23
275,16.0,6.0,2022-09-23,middle,,,14.6,35.0,1315.979124,52.00187434,2022-09-23,266,2022-09-23
276,21.0,6.0,2022-09-23,middle,,,14.6,35.0,1063.345235,30.8010586,2022-09-23,266,2022-09-23
273,15.0,6.0,2022-09-23,middle,,,14.6,35.0,1448.537525,86.28781156,2022-09-23,266,2022-09-23
274,21.0,6.0,2022-09-23,middle,,,14.6,35.0,978.0082324,56.58643957,2022-09-23,266,2022-09-23
264,7.0,6.0,2022-09-23,low,,,15.2,35.0,424.6131337,28.56676524,2022-09-23,266,2022-09-23
265,18.0,6.0,2022-09-23,middle,,,15.1,35.0,900.9927064,53.08326742,2022-09-23,266,2022-09-23
266,18.0,6.0,2022-09-23,middle,,,15.1,35.0,1008.011481,73.75127885,2022-09-23,266,2022-09-23
267,11.0,6.0,2022-09-23,middle,,14.3,,,1499.541668,81.84093023,2022-09-23,266,2022-09-23
263,7.0,6.0,2022-09-23,low,,,15.2,35.0,769.4503059,22.81507648,2022-09-23,266,2022-09-23
269,13.0,6.0,2022-09-23,middle,,13.5,,,1305.759518,54.35578529,2022-09-23,266,2022-09-23
270,13.0,6.0,2022-09-23,middle,,13.5,,,2040.315977,90.51211592,2022-09-23,266,2022-09-23
271,26.0,6.0,2022-09-23,middle,,,14.6,35.0,827.7738257,56.08104807,2022-09-23,266,2022-09-23
272,15.0,6.0,2022-09-23,middle,,,14.6,35.0,1708.113254,83.27417787,2022-09-23,266,2022-09-23
268,11.0,6.0,2022-09-23,middle,,14.3,,,1483.041915,107.0692232,2022-09-23,266,2022-09-23
300,14.0,6.0,2022-09-24,middle,,,,,911.4330822,40.21177395,2022-09-24,267,2022-09-24
308,30.0,6.0,2022-09-24,high,,,,,354.5750495,27.23055202,2022-09-24,267,2022-09-24
307,30.0,6.0,2022-09-24,high,,,,,385.2857751,32.08724287,2022-09-24,267,2022-09-24
306,27.0,6.0,2022-09-24,middle,,,,,1236.074816,97.55175848,2022-09-24,267,2022-09-24
305,24.0,6.0,2022-09-24,high,,,14.3,35.0,790.8551844,51.33669821,2022-09-24,267,2022-09-24
304,24.0,6.0,2022-09-24,high,,,14.3,35.0,704.0054742,38.44232777,2022-09-24,267,2022-09-24
303,8.0,6.0,2022-09-24,low,,,,,423.2245419,47.44558685,2022-09-24,267,2022-09-24
302,8.0,6.0,2022-09-24,low,,,,,548.2794623,40.57869875,2022-09-24,267,2022-09-24
301,14.0,6.0,2022-09-24,middle,,,,,1337.152523,78.78668091,2022-09-24,267,2022-09-24
299,12.0,6.0,2022-09-24,middle,,,,,1457.411896,137.8318687,2022-09-24,267,2022-09-24
288,2.0,6.0,2022-09-24,low,,,,,722.0389542,44.86763307,2022-09-24,267,2022-09-24
297,18.0,6.0,2022-09-24,middle,,,,,960.4066158,61.4625861,2022-09-24,267,2022-09-24
289,1.0,6.0,2022-09-24,low,,,,,340.5015328,29.61544327,2022-09-24,267,2022-09-24
290,3.0,6.0,2022-09-24,low,,,,,1127.74238,47.55282561,2022-09-24,267,2022-09-24
291,3.0,6.0,2022-09-24,low,,,,,1414.637677,94.63541423,2022-09-24,267,2022-09-24
298,18.0,6.0,2022-09-24,middle,,,,,1160.626731,71.67220298,2022-09-24,267,2022-09-24
294,9.0,6.0,2022-09-24,low,,,,,930.5629871,20.54598188,2022-09-24,267,2022-09-24
295,9.0,6.0,2022-09-24,low,,,,,827.5586955,14.1945818,2022-09-24,267,2022-09-24
296,9.0,6.0,2022-09-24,low,,,,,1401.340556,82.52903478,2022-09-24,267,2022-09-24
292,6.0,6.0,2022-09-24,low,,,,,1747.127108,113.9692916,2022-09-24,267,2022-09-24
371,16.0,8.0,2022-10-27,middle,,,,,1178.850819,65.87436135,2022-10-27,300,2022-10-27
380,34.0,8.0,2022-10-27,high,,,,,985.3528206,63.57721866,2022-10-27,300,2022-10-27
378,33.0,8.0,2022-10-27,high,,,,,1088.563775,72.72884968,2022-10-27,300,2022-10-27
377,35.0,8.0,2022-10-27,high,,,,,1295.78555,60.8650827,2022-10-27,300,2022-10-27
376,24.0,8.0,2022-10-27,high,,,,,660.2207829,40.75058104,2022-10-27,300,2022-10-27
375,30.0,8.0,2022-10-27,high,,,,,760.06448,69.21245811,2022-10-27,300,2022-10-27
374,29.0,8.0,2022-10-27,high,,,,,1729.278544,117.3122808,2022-10-27,300,2022-10-27
372,21.0,8.0,2022-10-27,middle,,,,,1829.823818,58.70415801,2022-10-27,300,2022-10-27
370,14.0,8.0,2022-10-27,middle,,,,,897.8593733,55.1896633,2022-10-27,300,2022-10-27
373,22.0,8.0,2022-10-27,high,,,,,1271.792377,87.97400892,2022-10-27,300,2022-10-27
368,11.0,8.0,2022-10-27,middle,,,,,1309.792566,68.0151266,2022-10-27,300,2022-10-27
369,13.0,8.0,2022-10-27,middle,,,,,2029.670912,94.76226563,2022-10-27,300,2022-10-27
360,31.0,8.0,2022-10-27,high,,,,,2025.955278,87.19582253,2022-10-27,300,2022-10-27
362,4.0,8.0,2022-10-27,low,,,,,1099.829438,88.50494488,2022-10-27,300,2022-10-27
363,28.0,8.0,2022-10-27,low,,,,,1171.279692,59.08882911,2022-10-27,300,2022-10-27
361,3.0,8.0,2022-10-27,low,,,,,1234.101751,92.73401103,2022-10-27,300,2022-10-27
365,18.0,8.0,2022-10-27,middle,,,,,1568.482725,43.53968646,2022-10-27,300,2022-10-27
366,17.0,8.0,2022-10-27,middle,,,,,1955.767861,50.35395759,2022-10-27,300,2022-10-27
367,19.0,8.0,2022-10-27,middle,,,,,2867.055048,159.2082059,2022-10-27,300,2022-10-27
364,27.0,8.0,2022-10-27,middle,,,,,544.2055361,52.56836034,2022-10-27,300,2022-10-27
381,25.0,8.0,2022-10-28,high,,,,,879.9427869,42.00529412,2022-10-28,301,2022-10-28
382,30.0,8.0,2022-10-28,high,,,,,535.567551,15.92960174,2022-10-28,301,2022-10-28
401,18.0,9.0,2022-11-08,middle,,,,,1323.305956,55.06842556,2022-11-08,312,2022-11-08
405,12.0,9.0,2022-11-08,middle,,,,,1881.818396,85.01443095,2022-11-08,312,2022-11-08
402,17.0,9.0,2022-11-08,middle,,,,,1813.174183,70.65189405,2022-11-08,312,2022-11-08
403,19.0,9.0,2022-11-08,middle,,,,,1369.25408,22.1143604,2022-11-08,312,2022-11-08
404,11.0,9.0,2022-11-08,middle,,,,,1514.992527,94.0379872,2022-11-08,312,2022-11-08
406,7.0,9.0,2022-11-08,low,,,,,868.1679635,95.00527796,2022-11-08,312,2022-11-08
411,3.0,9.0,2022-11-08,low,,,,,969.0798475,88.39319134,2022-11-08,312,2022-11-08
412,4.0,9.0,2022-11-08,low,,,,,1158.637646,26.11254599,2022-11-08,312,2022-11-08
408,5.0,9.0,2022-11-08,low,,,,,1528.921866,114.1934387,2022-11-08,312,2022-11-08
409,6.0,9.0,2022-11-08,low,,,,,2474.219988,183.0522127,2022-11-08,312,2022-11-08
410,28.0,9.0,2022-11-08,low,,,,,2183.553211,144.4273429,2022-11-08,312,2022-11-08
400,14.0,9.0,2022-11-08,middle,,,,,1204.360515,59.30051461,2022-11-08,312,2022-11-08
407,8.0,9.0,2022-11-08,low,,,,,680.7971674,16.68766465,2022-11-08,312,2022-11-08
399,13.0,9.0,2022-11-08,middle,,,,,2078.91862,108.8962023,2022-11-08,312,2022-11-08
387,25.0,9.0,2022-11-08,high,,,12.5,35.0,731.1956102,36.64165359,2022-11-08,312,2022-11-08
396,37.0,9.0,2022-11-08,middle,,,,,1940.727933,130.5843233,2022-11-08,312,2022-11-08
398,27.0,9.0,2022-11-08,middle,,,,,374.5380571,44.08894682,2022-11-08,312,2022-11-08
384,33.0,9.0,2022-11-08,high,,,,,741.887786,46.96255123,2022-11-08,312,2022-11-08
385,31.0,9.0,2022-11-08,high,,,12.3,35.0,1062.602928,33.35875563,2022-11-08,312,2022-11-08
386,24.0,9.0,2022-11-08,high,,,12.5,35.0,1391.031432,71.14582553,2022-11-08,312,2022-11-08
388,30.0,9.0,2022-11-08,high,,,12.4,35.0,1026.462963,10.67869451,2022-11-08,312,2022-11-08
389,22.0,9.0,2022-11-08,high,,,,,1542.060534,72.92798179,2022-11-08,312,2022-11-08
383,34.0,9.0,2022-11-08,high,,,,,1232.991027,53.55777677,2022-11-08,312,2022-11-08
391,21.0,9.0,2022-11-08,middle,,,,,2320.294222,19.25717701,2022-11-08,312,2022-11-08
392,16.0,9.0,2022-11-08,middle,,,,,2110.092669,40.37002821,2022-11-08,312,2022-11-08
393,15.0,9.0,2022-11-08,middle,,,,,1808.537459,86.79401167,2022-11-08,312,2022-11-08
394,26.0,9.0,2022-11-08,middle,,,,,2743.691985,21.52001916,2022-11-08,312,2022-11-08
395,36.0,9.0,2022-11-08,middle,,,,,956.8822212,64.74014673,2022-11-08,312,2022-11-08
390,20.0,9.0,2022-11-08,middle,,,,,2297.227327,32.61539995,2022-11-08,312,2022-11-08
428,32.0,10.0,2022-11-23,middle,,,12.1,35.0,535.6688745,82.70571815,2022-11-23,327,2022-11-23
429,10.0,10.0,2022-11-23,low,,,12.3,36.0,1028.052187,33.94783701,2022-11-23,327,2022-11-23
430,9.0,10.0,2022-11-23,low,,,12.3,36.0,686.0080068,81.99000122,2022-11-23,327,2022-11-23
431,7.0,10.0,2022-11-23,low,,,12.2,36.0,308.7270926,36.47364789,2022-11-23,327,2022-11-23
432,8.0,10.0,2022-11-23,low,,,12.2,36.0,491.9424977,23.46364154,2022-11-23,327,2022-11-23
435,6.0,10.0,2022-11-23,low,,,12.3,36.0,1199.777704,126.2437461,2022-11-23,327,2022-11-23
434,5.0,10.0,2022-11-23,low,,,12.3,36.0,991.1115389,128.8009174,2022-11-23,327,2022-11-23
436,3.0,10.0,2022-11-23,low,,12.1,,,786.2966521,129.6783146,2022-11-23,327,2022-11-23
437,4.0,10.0,2022-11-23,low,,12.3,,,323.9652491,22.91803828,2022-11-23,327,2022-11-23
427,12.0,10.0,2022-11-23,middle,,12.1,,,708.2287639,87.45985811,2022-11-23,327,2022-11-23
433,28.0,10.0,2022-11-23,low,,12.1,,,809.1011515,90.23693582,2022-11-23,327,2022-11-23
426,11.0,10.0,2022-11-23,middle,,12.1,,,589.3391024,66.81339273,2022-11-23,327,2022-11-23
424,17.0,10.0,2022-11-23,middle,,,12.3,35.0,846.6181461,123.2943675,2022-11-23,327,2022-11-23
425,18.0,10.0,2022-11-23,middle,,,12.3,35.0,0.0002872063145,3.974958462e-05,2022-11-23,327,2022-11-23
413,34.0,10.0,2022-11-23,high,,,12.2,34.0,620.8516181,46.38237373,2022-11-23,327,2022-11-23
414,24.0,10.0,2022-11-23,high,,,12.1,35.0,646.0929738,74.29166504,2022-11-23,327,2022-11-23
415,25.0,10.0,2022-11-23,high,,,,,302.7072013,34.2146212,2022-11-23,327,2022-11-23
417,30.0,10.0,2022-11-23,high,,12.2,,,835.2343497,21.2625648,2022-11-23,327,2022-11-23
418,31.0,10.0,2022-11-23,high,,,,,950.0308844,79.1128648,2022-11-23,327,2022-11-23
416,29.0,10.0,2022-11-23,high,,12.2,,,693.2241749,73.48635152,2022-11-23,327,2022-11-23
420,16.0,10.0,2022-11-23,middle,,12.3,,,696.1621658,60.60718833,2022-11-23,327,2022-11-23
421,26.0,10.0,2022-11-23,middle,,,12.7,35.0,929.3021607,79.52643473,2022-11-23,327,2022-11-23
422,14.0,10.0,2022-11-23,middle,,,,,851.4468041,65.90569994,2022-11-23,327,2022-11-23
423,19.0,10.0,2022-11-23,middle,,,12.3,35.0,718.7450067,96.21460267,2022-11-23,327,2022-11-23
419,20.0,10.0,2022-11-23,middle,,12.2,,,848.6248642,111.8635266,2022-11-23,327,2022-11-23
461,9.0,11.0,2022-12-06,low,,,11.9,36.0,2.611354912,82.07725487,2022-12-06,340,2022-12-06
457,19.0,11.0,2022-12-06,middle,,,11.8,37.0,680.2613795,43.86626731,2022-12-06,340,2022-12-06
458,11.0,11.0,2022-12-06,middle,,12.0,,,675.6241551,70.07698393,2022-12-06,340,2022-12-06
459,12.0,11.0,2022-12-06,middle,,12.0,,,1407.143859,111.4525997,2022-12-06,340,2022-12-06
460,10.0,11.0,2022-12-06,low,,,11.9,36.0,995.1116079,24.30386431,2022-12-06,340,2022-12-06
463,7.0,11.0,2022-12-06,low,,,11.5,38.0,398.6681545,47.05779555,2022-12-06,340,2022-12-06
470,23.0,11.0,2022-12-06,high,,,,,891.9323925,35.50765747,2022-12-06,340,2022-12-06
466,5.0,11.0,2022-12-06,low,,,11.7,37.0,943.8471595,33.4712842,2022-12-06,340,2022-12-06
467,6.0,11.0,2022-12-06,low,,,11.7,37.0,1006.044024,99.97925156,2022-12-06,340,2022-12-06
468,1.0,11.0,2022-12-06,low,,11.5,,,204.801702,12.20322748,2022-12-06,340,2022-12-06
469,2.0,11.0,2022-12-06,low,,11.5,,,445.9804323,32.19647059,2022-12-06,340,2022-12-06
456,17.0,11.0,2022-12-06,middle,,,11.8,37.0,429.3164013,68.58795107,2022-12-06,340,2022-12-06
471,31.0,11.0,2022-12-06,high,,,10.6,35.0,810.7612067,31.58565699,2022-12-06,340,2022-12-06
464,8.0,11.0,2022-12-06,low,,,11.5,38.0,463.0180668,37.06008979,2022-12-06,340,2022-12-06
455,18.0,11.0,2022-12-06,middle,,,11.8,37.0,682.1289652,29.91785673,2022-12-06,340,2022-12-06
465,28.0,11.0,2022-12-06,low,,11.2,,,864.4252921,75.61953371,2022-12-06,340,2022-12-06
453,13.0,11.0,2022-12-06,middle,,12.0,,,887.3256687,69.385834,2022-12-06,340,2022-12-06
454,14.0,11.0,2022-12-06,middle,,12.0,,,578.7192684,24.05348764,2022-12-06,340,2022-12-06
438,35.0,11.0,2022-12-06,high,,,11.7,34.0,614.3833251,34.28860603,2022-12-06,340,2022-12-06
439,34.0,11.0,2022-12-06,high,,,11.7,34.0,496.6591824,47.54823275,2022-12-06,340,2022-12-06
440,24.0,11.0,2022-12-06,high,,,11.5,35.0,573.6668223,52.42595799,2022-12-06,340,2022-12-06
441,25.0,11.0,2022-12-06,high,,,11.5,35.0,479.9178232,38.06773178,2022-12-06,340,2022-12-06
443,22.0,11.0,2022-12-06,high,,11.5,,,663.5140357,50.64964503,2022-12-06,340,2022-12-06
444,20.0,11.0,2022-12-06,middle,,11.7,,,305.8364532,53.66551173,2022-12-06,340,2022-12-06
462,26.0,11.0,2022-12-06,middle,,,121.0,35.0,514.393232,37.44497408,2022-12-06,340,2022-12-06
446,32.0,11.0,2022-12-06,middle,,,11.7,35.0,622.1865431,67.45121608,2022-12-06,340,2022-12-06
445,21.0,11.0,2022-12-06,middle,,11.8,,,934.7289179,94.3699727,2022-12-06,340,2022-12-06
448,15.0,11.0,2022-12-06,middle,,11.8,,,605.0838281,49.38286577,2022-12-06,340,2022-12-06
449,27.0,11.0,2022-12-06,middle,,,,,257.2038929,64.04346878,2022-12-06,340,2022-12-06
450,36.0,11.0,2022-12-06,middle,,,12.0,36.0,402.6520535,39.03451547,2022-12-06,340,2022-12-06
451,38.0,11.0,2022-12-06,middle,,,12.0,36.0,340.6180168,33.31436788,2022-12-06,340,2022-12-06
452,37.0,11.0,2022-12-06,middle,,,12.0,36.0,433.7238204,49.39986173,2022-12-06,340,2022-12-06
481,26.0,12.0,2023-01-06,middle,16:20,,12.6,34.0,756.6722792,38.4533696,2023-01-06,6,2023-01-06
487,11.0,12.0,2023-01-06,middle,16:40,,12.6,34.0,999.0016336,74.09297437,2023-01-06,6,2023-01-06
488,12.0,12.0,2023-01-06,middle,16:41,,12.6,34.0,635.4320845,47.84920471,2023-01-06,6,2023-01-06
489,7.0,12.0,2023-01-06,low,16:45,,12.6,34.0,380.0032801,5.216820899,2023-01-06,6,2023-01-06
490,8.0,12.0,2023-01-06,low,16:46,,12.6,34.0,257.230638,6.082392691,2023-01-06,6,2023-01-06
492,6.0,12.0,2023-01-06,low,16:53,,,,1013.899771,54.64228813,2023-01-06,6,2023-01-06
486,14.0,12.0,2023-01-06,middle,16:33,,12.6,34.0,887.01324,38.34651543,2023-01-06,6,2023-01-06
493,18.0,12.0,2023-01-06,middle,17:00,,,,740.9721988,42.66768495,2023-01-06,6,2023-01-06
494,17.0,12.0,2023-01-06,middle,17:01,,,,477.3018065,20.72396541,2023-01-06,6,2023-01-06
495,19.0,12.0,2023-01-06,middle,17:02,,,,365.382156,8.785923332,2023-01-06,6,2023-01-06
491,5.0,12.0,2023-01-06,low,16:50,,,,620.2016695,21.25538302,2023-01-06,6,2023-01-06
485,13.0,12.0,2023-01-06,middle,16:30,,12.6,34.0,879.309304,35.65305419,2023-01-06,6,2023-01-06
476,32.0,12.0,2023-01-06,middle,15:50,,12.6,34.0,419.7350966,5.161832666,2023-01-06,6,2023-01-06
483,37.0,12.0,2023-01-06,middle,16:20,,12.7,34.0,965.3850065,76.37821071,2023-01-06,6,2023-01-06
482,36.0,12.0,2023-01-06,middle,16:19,,12.7,34.0,671.0351862,12.78864696,2023-01-06,6,2023-01-06
480,15.0,12.0,2023-01-06,middle,16:15,,12.6,34.0,810.4746082,7.428115495,2023-01-06,6,2023-01-06
479,16.0,12.0,2023-01-06,middle,16:10,,12.6,34.0,981.1764524,46.73360041,2023-01-06,6,2023-01-06
478,20.0,12.0,2023-01-06,middle,16:00,,12.6,34.0,808.481636,52.05288973,2023-01-06,6,2023-01-06
477,21.0,12.0,2023-01-06,middle,15:55,,12.6,34.0,758.5929799,7.240667778,2023-01-06,6,2023-01-06
475,24.0,12.0,2023-01-06,high,15:45,,12.7,34.0,589.906065,30.23660249,2023-01-06,6,2023-01-06
474,25.0,12.0,2023-01-06,high,15:43,,12.7,34.0,535.171236,37.50854726,2023-01-06,6,2023-01-06
473,33.0,12.0,2023-01-06,high,15:40,,12.7,34.0,829.8705789,58.12889752,2023-01-06,6,2023-01-06
472,34.0,12.0,2023-01-06,high,15:37,,12.7,34.0,596.7348144,38.0928726,2023-01-06,6,2023-01-06
484,38.0,12.0,2023-01-06,middle,16:21,,12.7,34.0,471.1284462,37.78884606,2023-01-06,6,2023-01-06
508,16.0,13.0,2023-01-23,middle,18:28,,,,693.2448248,7.760468509,2023-01-23,23,2023-01-23
507,26.0,13.0,2023-01-23,middle,18:25,,,,674.1332379,18.99790294,2023-01-23,23,2023-01-23
509,32.0,13.0,2023-01-23,middle,18:30,,,,553.6968363,25.90956072,2023-01-23,23,2023-01-23
511,38.0,13.0,2023-01-23,middle,18:50,,10.4,37.0,334.4975974,10.48656697,2023-01-23,23,2023-01-23
512,36.0,13.0,2023-01-23,middle,18:55,,10.4,37.0,536.3701722,27.42681788,2023-01-23,23,2023-01-23
506,12.0,13.0,2023-01-23,middle,18:21,,,,685.8393184,36.71342719,2023-01-23,23,2023-01-23
510,34.0,13.0,2023-01-23,high,18:40,,,,462.8521932,22.18868449,2023-01-23,23,2023-01-23
505,11.0,13.0,2023-01-23,middle,18:20,,,,962.4380942,51.05625193,2023-01-23,23,2023-01-23
502,8.0,13.0,2023-01-23,low,18:06,,,,349.6498538,19.94992821,2023-01-23,23,2023-01-23
503,18.0,13.0,2023-01-23,middle,18:15,,,,679.3377131,22.0054938,2023-01-23,23,2023-01-23
504,17.0,13.0,2023-01-23,middle,18:16,,,,1142.324366,28.88823732,2023-01-23,23,2023-01-23
501,6.0,13.0,2023-01-23,low,17:59,,12.0,35.0,1210.141991,77.63707047,2023-01-23,23,2023-01-23
500,5.0,13.0,2023-01-23,low,17:58,,12.0,35.0,372.613995,24.74159499,2023-01-23,23,2023-01-23
499,4.0,13.0,2023-01-23,low,17:52,10.7,,,203.7160313,15.34335186,2023-01-23,23,2023-01-23
498,3.0,13.0,2023-01-23,low,17:51,10.8,,,503.4211761,46.4726785,2023-01-23,23,2023-01-23
497,2.0,13.0,2023-01-23,low,17:42,11.8,,,371.8066133,17.8504601,2023-01-23,23,2023-01-23
496,1.0,13.0,2023-01-23,low,17:41,11.5,,,260.5163929,2.791186434,2023-01-23,23,2023-01-23
527,12.0,14.0,2023-02-06,middle,17:27,,,,881.179603,58.44819067,2023-02-06,37,2023-02-06
529,19.0,14.0,2023-02-06,middle,17:36,,,,453.1920794,9.481054453,2023-02-06,37,2023-02-06
530,7.0,14.0,2023-02-06,low,17:40,,,,232.2816064,1.909721062,2023-02-06,37,2023-02-06
531,8.0,14.0,2023-02-06,low,17:40,,,,266.1486865,2.254218059,2023-02-06,37,2023-02-06
535,10.0,14.0,2023-02-06,low,17:51,,,,884.1452697,23.22740893,2023-02-06,37,2023-02-06
533,6.0,14.0,2023-02-06,low,17:45,,,,938.5254829,17.0015164,2023-02-06,37,2023-02-06
534,28.0,14.0,2023-02-06,low,17:47,,,,823.9664071,34.30316775,2023-02-06,37,2023-02-06
526,37.0,14.0,2023-02-06,middle,17:23,,,,666.808936,18.65119741,2023-02-06,37,2023-02-06
536,9.0,14.0,2023-02-06,low,17:51,,,,494.1728534,13.38491166,2023-02-06,37,2023-02-06
532,5.0,14.0,2023-02-06,low,17:45,,,,588.2343364,10.12502055,2023-02-06,37,2023-02-06
525,36.0,14.0,2023-02-06,middle,17:22,,,,554.0213055,28.61123609,2023-02-06,37,2023-02-06
528,18.0,14.0,2023-02-06,middle,17:35,,,,841.8646734,8.316902802,2023-02-06,37,2023-02-06
523,14.0,14.0,2023-02-06,middle,17:11,,,,883.2974765,19.66775515,2023-02-06,37,2023-02-06
524,38.0,14.0,2023-02-06,middle,17:20,,,,410.1456712,10.47108691,2023-02-06,37,2023-02-06
514,31.0,14.0,2023-02-06,high,16:25,,,,542.2120396,15.94057109,2023-02-06,37,2023-02-06
515,34.0,14.0,2023-02-06,high,16:31,,,,332.2941045,14.31074368,2023-02-06,37,2023-02-06
517,24.0,14.0,2023-02-06,high,16:38,,,,363.3248389,10.66812736,2023-02-06,37,2023-02-06
518,25.0,14.0,2023-02-06,high,16:39,,,,586.0133557,8.777000741,2023-02-06,37,2023-02-06
516,35.0,14.0,2023-02-06,high,16:32,,,,507.5047232,17.97327707,2023-02-06,37,2023-02-06
520,26.0,14.0,2023-02-06,middle,16:50,,,,480.139567,6.894847066,2023-02-06,37,2023-02-06
521,16.0,14.0,2023-02-06,middle,17:08,,,,196.5844035,7.988748886,2023-02-06,37,2023-02-06
522,15.0,14.0,2023-02-06,middle,16:09,,,,346.8742336,7.685867006,2023-02-06,37,2023-02-06
519,32.0,14.0,2023-02-06,middle,16:45,,,,687.6084892,15.59174178,2023-02-06,37,2023-02-06
558,9.0,15.0,2023-02-18,low,15:44,,,,673.9780559,14.23057311,2023-02-18,49,2023-02-18
554,,15.0,2023-02-18,middle,15:41,,,,745.5900385,50.12876532,2023-02-18,49,2023-02-18
555,,15.0,2023-02-18,middle,15:42,,,,663.8496746,44.83132651,2023-02-18,49,2023-02-18
556,,15.0,2023-02-18,middle,15:43,,,,636.9736137,7.42579223,2023-02-18,49,2023-02-18
557,10.0,15.0,2023-02-18,low,15:44,,,,576.3962973,5.348024811,2023-02-18,49,2023-02-18
559,8.0,15.0,2023-02-18,low,15:48,,,,417.8847883,26.78605559,2023-02-18,49,2023-02-18
564,4.0,15.0,2023-02-18,low,16:00,,,,508.116145,11.40269572,2023-02-18,49,2023-02-18
566,,15.0,2023-02-18,low,16:03,,,,255.1957981,17.09554511,2023-02-18,49,2023-02-18
561,6.0,15.0,2023-02-18,low,15:52,,,,1046.404198,54.25034524,2023-02-18,49,2023-02-18
562,,15.0,2023-02-18,low,15:55,,,,306.6629345,4.053221469,2023-02-18,49,2023-02-18
563,1.0,15.0,2023-02-18,low,15:56,,,,227.3572992,5.753825528,2023-02-18,49,2023-02-18
565,,15.0,2023-02-18,low,16:01,,,,583.0605507,17.07895448,2023-02-18,49,2023-02-18
553,,15.0,2023-02-18,middle,15:40,,,,294.6829663,1.731988728,2023-02-18,49,2023-02-18
560,5.0,15.0,2023-02-18,low,15:52,,,,654.3827061,17.31488548,2023-02-18,49,2023-02-18
552,11.0,15.0,2023-02-18,middle,15:31,,,,646.4396506,18.72322391,2023-02-18,49,2023-02-18
542,,15.0,2023-02-18,high,14:50,,,,301.1703803,13.48043369,2023-02-18,49,2023-02-18
550,18.0,15.0,2023-02-18,middle,15:26,,,,1133.428109,11.68883448,2023-02-18,49,2023-02-18
551,19.0,15.0,2023-02-18,middle,15:27,,,,894.2150022,18.20118029,2023-02-18,49,2023-02-18
538,34.0,15.0,2023-02-18,high,14:34,,,,559.4576987,19.08509112,2023-02-18,49,2023-02-18
539,24.0,15.0,2023-02-18,high,14:40,,,,526.8001426,8.259468195,2023-02-18,49,2023-02-18
540,,15.0,2023-02-18,high,14:46,,,,488.5879305,7.452681315,2023-02-18,49,2023-02-18
541,,15.0,2023-02-18,high,14:48,,,,383.003313,21.07501673,2023-02-18,49,2023-02-18
543,,15.0,2023-02-18,high,14:52,,,,257.3615086,6.902183656,2023-02-18,49,2023-02-18
537,,15.0,2023-02-18,high,14:30,,,,710.3358203,20.70202106,2023-02-18,49,2023-02-18
545,,15.0,2023-02-18,high,14:56,,,,500.0633335,33.40106982,2023-02-18,49,2023-02-18
546,,15.0,2023-02-18,high,14:58,,,,1118.739107,28.15170601,2023-02-18,49,2023-02-18
547,16.0,15.0,2023-02-18,middle,15:00,,,,303.2025476,10.82710292,2023-02-18,49,2023-02-18
548,26.0,15.0,2023-02-18,middle,15:03,,,,806.7094323,36.02625774,2023-02-18,49,2023-02-18
549,32.0,15.0,2023-02-18,middle,15:10,,,,752.3733107,29.14902434,2023-02-18,49,2023-02-18
544,,15.0,2023-02-18,high,14:54,,,,1005.695288,20.03885996,2023-02-18,49,2023-02-18
581,,16.0,2023-03-17,,15:19,,,,518.5532067,16.4575841,2023-03-17,76,2023-03-17
582,18.0,16.0,2023-03-17,middle,15:22,,18.2,31.0,459.8766574,7.576235133,2023-03-17,76,2023-03-17
583,38.0,16.0,2023-03-17,middle,15:25,,18.7,34.0,251.95592,14.60427904,2023-03-17,76,2023-03-17
584,36.0,16.0,2023-03-17,middle,15:28,,18.7,34.0,297.4490349,14.88491651,2023-03-17,76,2023-03-17
585,9.0,16.0,2023-03-17,low,15:31,,18.2,33.0,730.791725,27.04789409,2023-03-17,76,2023-03-17
588,8.0,16.0,2023-03-17,low,15:40,,,,160.9804821,12.0997765,2023-03-17,76,2023-03-17
587,7.0,16.0,2023-03-17,low,15:37,,,,161.7839829,5.973367072,2023-03-17,76,2023-03-17
589,6.0,16.0,2023-03-17,low,15:43,,,,718.7308631,36.42754031,2023-03-17,76,2023-03-17
590,2.0,16.0,2023-03-17,low,15:46,,,,93.2189363,31.69290421,2023-03-17,76,2023-03-17
580,12.0,16.0,2023-03-17,middle,15:16,,,,629.8100478,41.32279355,2023-03-17,76,2023-03-17
586,10.0,16.0,2023-03-17,low,15:34,,18.2,33.0,521.3170981,27.81074851,2023-03-17,76,2023-03-17
579,11.0,16.0,2023-03-17,middle,15:13,,,,774.3551609,39.5752671,2023-03-17,76,2023-03-17
591,,16.0,2023-03-17,,15:49,,,,199.8113254,11.27663585,2023-03-17,76,2023-03-17
577,21.0,16.0,2023-03-17,middle,15:07,19.3,,,481.7140368,12.55197675,2023-03-17,76,2023-03-17
576,,16.0,2023-03-17,high,15:04,,16.4,34.0,273.0269771,5.760981909,2023-03-17,76,2023-03-17
575,,16.0,2023-03-17,high,15:01,,16.4,34.0,338.8115526,7.076503172,2023-03-17,76,2023-03-17
574,,16.0,2023-03-17,high,14:58,,16.4,34.0,355.4451083,5.365092429,2023-03-17,76,2023-03-17
573,,16.0,2023-03-17,high,14:55,,17.0,34.0,364.3170796,14.94339432,2023-03-17,76,2023-03-17
572,,16.0,2023-03-17,high,14:52,,17.0,34.0,754.8656381,26.66947395,2023-03-17,76,2023-03-17
571,,16.0,2023-03-17,high,14:49,,17.0,34.0,634.0516481,18.74508331,2023-03-17,76,2023-03-17
570,,16.0,2023-03-17,high,14:46,,16.9,34.0,601.9896539,11.50797326,2023-03-17,76,2023-03-17
569,,16.0,2023-03-17,high,14:43,,16.9,34.0,752.9632859,29.87769679,2023-03-17,76,2023-03-17
568,25.0,16.0,2023-03-17,high,14:40,,16.9,34.0,295.4540042,5.393960989,2023-03-17,76,2023-03-17
567,34.0,16.0,2023-03-17,high,14:37,,16.9,34.0,408.7486365,9.823447282,2023-03-17,76,2023-03-17
578,32.0,16.0,2023-03-17,middle,15:10,,,,789.5179747,31.33533839,2023-03-17,76,2023-03-17
592,4.0,16.0,2023-03-17,low,15:52,,,,61.31954454,9.809227855,2023-03-17,76,2023-03-17
